hashtag,count,count_scaled
aminajadulu,216,70.0
anies,60,33.888888888888886
desakanies,53,32.26851851851852
debatcapres,45,30.416666666666668
pahitmaniesalwayswithanies,36,28.333333333333332
haveaniesday,36,28.333333333333332
aniesbaswedan,31,27.175925925925924
nazarpemilu,29,26.712962962962962
update,25,25.787037037037038
news,24,25.555555555555557
newsupdate,23,25.324074074074076
spotabahanies,22,25.09259259259259
text,21,24.86111111111111
temponasional,20,24.62962962962963
nakesdesakanies,20,24.62962962962963
humanies,15,23.47222222222222
hardnews,14,23.24074074074074
politik,14,23.24074074074074
maumemilih,14,23.24074074074074
tvonetvpemilu,14,23.24074074074074
kamikabarkanandaputuskan,14,23.24074074074074
aniesbubble,14,23.24074074074074
newsone,12,22.77777777777778
capres,12,22.77777777777778
hwaitingabahanies,12,22.77777777777778
cariberitaditvone,11,22.546296296296298
debatcawapres,11,22.546296296296298
detikpemilu,10,22.314814814814817
cawapres,9,22.083333333333332
waktunyamilih,9,22.083333333333332
aminkanindonesia,9,22.083333333333332
aniesdeservesbetter,8,21.85185185185185
wearehumanies,8,21.85185185185185
cakimin,7,21.62037037037037
abahanies,7,21.62037037037037
tempometro,7,21.62037037037037
aminmenang1putaran,7,21.62037037037037
aminindonesialebihbaik,7,21.62037037037037
umpanmanies,7,21.62037037037037
amin,6,21.38888888888889
takeanieslookatjakarta,5,21.15740740740741
amintolakikn,5,21.15740740740741
slepetimin,5,21.15740740740741
iminrocksdebate,5,21.15740740740741
sobatanies,5,21.15740740740741
coblosno1,5,21.15740740740741
dugaankorupsikemenhan,4,20.925925925925927
jaklingkoanies,4,20.925925925925927
jogja,4,20.925925925925927
temposeleb,4,20.925925925925927
munculfenomenapakbowo,4,20.925925925925927
metrotvxtend,4,20.925925925925927
jumatberkah,4,20.925925925925927
tempoquotes,4,20.925925925925927
aminsatukanindonesia,4,20.925925925925927
untukkepentinganpribadi,4,20.925925925925927
pesanuntukabah,4,20.925925925925927
hotlineparisamin,3,20.694444444444443
purwokerto,3,20.694444444444443
jakarta,3,20.694444444444443
muhaiminiskandar,3,20.694444444444443
timnasday,3,20.694444444444443
tempoheadliner,3,20.694444444444443
pemilupedia,3,20.694444444444443
sorryyeaniesterbaik,3,20.694444444444443
aniesatkadin,3,20.694444444444443
tempobisnis,3,20.694444444444443
aminpalingsiapuntukindonesia,3,20.694444444444443
no01,3,20.694444444444443
ubahbareng,3,20.694444444444443
jusufkalla,3,20.694444444444443
jangangengsidukungamin,3,20.694444444444443
desakaniessamarinda,3,20.694444444444443
indonesiamaju,3,20.694444444444443
bersamaindonesiamaju,3,20.694444444444443
aniesunggul,3,20.694444444444443
ekspedisiamin,3,20.694444444444443
susugratis,2,20.462962962962962
najarpemilu,2,20.462962962962962
caratselcaday,2,20.462962962962962
makansianggratis,2,20.462962962962962
stunting,2,20.462962962962962
aniesstyle,2,20.462962962962962
pemilucurangmakinnyata,2,20.462962962962962
desakaniesambon,2,20.462962962962962
theelectionchannelmetrotv,2,20.462962962962962
korantempo,2,20.462962962962962
sumbar,2,20.462962962962962
aniesikongenzmilenial,2,20.462962962962962
aniesfashion,2,20.462962962962962
aniesbestboy,2,20.462962962962962
tanahdatar,2,20.462962962962962
aminajadullu,2,20.462962962962962
mingyu,2,20.462962962962962
manies,2,20.462962962962962
sumaterabarat,2,20.462962962962962
batusangkar,2,20.462962962962962
pakaiotakpakaihati,2,20.462962962962962
jejakanies,2,20.462962962962962
mulutmanisanies,2,20.462962962962962
partainasdem,2,20.462962962962962
siagalawankecurangan,2,20.462962962962962
itstime,2,20.462962962962962
bobroknyakemenhan,2,20.462962962962962
videotron,2,20.462962962962962
abahkitasemua,2,20.462962962962962
angkotmurah,2,20.462962962962962
restorasiindonesia,2,20.462962962962962
gerakanperubahan,2,20.462962962962962
israelethniccleansinggaza,2,20.462962962962962
bandunglautanamin,2,20.462962962962962
presidenbobrokmukabadak,2,20.462962962962962
dekade08,2,20.462962962962962
maknaeontop,1,20.23148148148148
kampanye,1,20.23148148148148
perempuan,1,20.23148148148148
nakes,1,20.23148148148148
agraria,1,20.23148148148148
tempovideo,1,20.23148148148148
aniesimin,1,20.23148148148148
01,1,20.23148148148148
viralbone,1,20.23148148148148
pks,1,20.23148148148148
theelectionchannel,1,20.23148148148148
partaikeadilansejahtera,1,20.23148148148148
abahonthespot,1,20.23148148148148
aniestakterbendung,1,20.23148148148148
aminmiskinkankoruptor,1,20.23148148148148
lingkunganhidup,1,20.23148148148148
tempotekno,1,20.23148148148148
pksmenangamin,1,20.23148148148148
salam4jari,1,20.23148148148148
pilihanindonesia,1,20.23148148148148
kickandy,1,20.23148148148148
oneliner,1,20.23148148148148
desakslepetamin,1,20.23148148148148
bone,1,20.23148148148148
pksbelanda,1,20.23148148148148
salamwaras,1,20.23148148148148
debatpresiden,1,20.23148148148148
pemiludamai,1,20.23148148148148
indonesiahijau,1,20.23148148148148
indonesiasentris,1,20.23148148148148
tempothread,1,20.23148148148148
anakmudaindonesiaemas,1,20.23148148148148
stadiuminternationaluntukindonesia,1,20.23148148148148
jokowi,1,20.23148148148148
kpuberjamaahjegalanies,1,20.23148148148148
mark,1,20.23148148148148
wonwoo,1,20.23148148148148
joshua,1,20.23148148148148
haechandeservebetter,1,20.23148148148148
nct,1,20.23148148148148
anisd,1,20.23148148148148
buruhdesakanies,1,20.23148148148148
sholawatasyghil,1,20.23148148148148
sumselaminaja,1,20.23148148148148
yudir4z,1,20.23148148148148
nalar,1,20.23148148148148
mbaknana,1,20.23148148148148
aniesunstoppable,1,20.23148148148148
pemilunyariscurangbrutal,1,20.23148148148148
pemprovdkijakarta,1,20.23148148148148
aniesdeservebetter,1,20.23148148148148
politikindonesia,1,20.23148148148148
aniespks,1,20.23148148148148
umatislampilihamin,1,20.23148148148148
pakjokowimenyerahlah,1,20.23148148148148
tempofoto,1,20.23148148148148
bagongiyah,1,20.23148148148148
indonesia,1,20.23148148148148
seger8ener,1,20.23148148148148
pksmenang,1,20.23148148148148
nazarkdi,1,20.23148148148148
pilihpksaja,1,20.23148148148148
jawabajadulu,1,20.23148148148148
ikn,1,20.23148148148148
resolusiindonesia,1,20.23148148148148
satukanindonesia,1,20.23148148148148
yogyakarta,1,20.23148148148148
demokrasisoskpucurang,1,20.23148148148148
merch,1,20.23148148148148
kemenhanwalhi,1,20.23148148148148
viral,1,20.23148148148148
perusaknu,1,20.23148148148148
cekfakta,1,20.23148148148148
tempocekfakta,1,20.23148148148148
sekaliputaransaja,1,20.23148148148148
tolakcaprespilihanteroris,1,20.23148148148148
tabrakprof,1,20.23148148148148
videonews,1,20.23148148148148
medan,1,20.23148148148148
kocak,1,20.23148148148148
tiktok,1,20.23148148148148
janganlupasejarah,1,20.23148148148148
jk,1,20.23148148148148
gusimin,1,20.23148148148148
theunityinjakarta,1,20.23148148148148
samsungunpacked,1,20.23148148148148
taehyungxceline,1,20.23148148148148
untungpakbowobijak,1,20.23148148148148
pahitmanisalwayswithanies,1,20.23148148148148
pulsagratis,1,20.23148148148148
jumatsholawat,1,20.23148148148148
zonajajan,1,20.23148148148148
zonauang,1,20.23148148148148
indonesiaabsentnomore,1,20.23148148148148
rakyatsiagakecurangan,1,20.23148148148148
debatpilpres,1,20.23148148148148
lawanpenindasdemokrasi,1,20.23148148148148
industrikreatifamin,1,20.23148148148148
wiranto,1,20.23148148148148
katamerekakitakalahmasukpenjara,1,20.23148148148148
rahasianegara,1,20.23148148148148
muslimatnu,1,20.23148148148148
jalurkeretaamin,1,20.23148148148148
aniesmuhaimin,1,20.23148148148148
quote,1,20.23148148148148
kumparan,1,20.23148148148148
aminbangunstadion,1,20.23148148148148
saldogratis,1,20.23148148148148
internetantilelet,1,20.23148148148148
debat,1,20.23148148148148
dialogcapresbersamakadin,1,20.23148148148148
menangtanpamenjatuhkan,1,20.23148148148148
asalbukanpelanggarham,1,20.23148148148148
rajab,1,20.23148148148148
debatketigacapres,1,20.23148148148148
fyp,1,20.23148148148148
sawah,1,20.23148148148148
blusukan,1,20.23148148148148
kadinindonesia,1,20.23148148148148
riau,1,20.23148148148148
janjianies,1,20.23148148148148
imcf,1,20.23148148148148
rusmiza,1,20.23148148148148
4niesomonpalsu,1,20.23148148148148
aniesbaswedanprorakyat,1,20.23148148148148
skor,1,20.23148148148148
inewsprime,1,20.23148148148148
mahasiswi,1,20.23148148148148
visimisicapres,1,20.23148148148148
flashone,1,20.23148148148148
hasilsurveynyakatanyanomorsatu,1,20.23148148148148
aminpeduliguru,1,20.23148148148148
genz,1,20.23148148148148
remaja,1,20.23148148148148
photocard,1,20.23148148148148
newspdate,1,20.23148148148148
kebenaranpastimenang,1,20.23148148148148
tumbuhseribumenggantiyangsatu,1,20.23148148148148
tapipaniknyasanggatenggabermutu,1,20.23148148148148
stophoax,1,20.23148148148148
spotabahmatisatutumbuhseribu,1,20.23148148148148
lawankezaliman,1,20.23148148148148
terorisbombalidukung4nies,1,20.23148148148148
ambon,1,20.23148148148148
maluku,1,20.23148148148148
abahowl,1,20.23148148148148
coblosnomor1,1,20.23148148148148
aniesdiancam,1,20.23148148148148
