,Image Name,Folder Name
0,image_9417.jpg,Abacavir
1,image_9418.jpg,Abacavir
2,image_9419.jpg,Abacavir
3,image_9420.png,Abacavir
4,image_9421.jpg,Abacavir
5,image_9422.jpg,Abacavir
6,image_9423.jpg,Abacavir
7,image_9424.jpg,Abacavir
8,image_9425.png,Abacavir
9,image_9426.jpg,Abacavir
10,image_9427.jpg,Acarbose
11,image_9428.jpg,Acarbose
12,image_9429.png,Acarbose
13,image_9430.jpg,Acarbose
14,image_9431.jpg,Acarbose
15,image_9432.jpg,Acarbose
16,image_9433.jpg,Acarbose
17,image_9434.jpg,Acarbose
18,image_9435.png,Acarbose
19,image_9436.jpg,Acarbose
20,image_9437.jpg,Acetylcysteine
21,image_9438.jpg,Acetylcysteine
22,image_9439.jpg,Acetylcysteine
23,image_9440.JPG,Acetylcysteine
24,image_9441.jpg,Acetylcysteine
25,image_9442.png,Acetylcysteine
26,image_9443.jpg,Acetylcysteine
27,image_9444.jpg,Acetylcysteine
28,image_9445.jpg,Acetylcysteine
29,image_9446.jpg,Acetylcysteine
30,image_9447.jpg,Actemra
31,image_9448.gif,Actemra
32,image_9449.jpg,Actemra
33,image_9450.jpg,Actemra
34,image_9451.jpg,Actemra
35,image_9452.jpg,Actemra
36,image_9453.jpg,Actemra
37,image_9454.jpg,Actemra
38,image_9455.png,Actemra
39,image_9456.jpg,Actemra
40,image_9457.png,Actifed
41,image_9458.jpg,Actifed
42,image_9459.png,Actifed
43,image_9460.jpg,Actifed
44,image_9461.jpg,Actifed
45,image_9462.jpg,Actifed
46,image_9463.jpg,Actifed
47,image_9464.jpeg,Actifed
48,image_9465.jpg,Actifed
49,image_9466.jpg,Actifed
50,image_9467.jpg,Acyclovir
51,image_9468.JPG,Acyclovir
52,image_9469.jpg,Acyclovir
53,image_9470.jpg,Acyclovir
54,image_9471.jpg,Acyclovir
55,image_9472.jpg,Acyclovir
56,image_9473.jpg,Acyclovir
57,image_9474.jpg,Acyclovir
58,image_9475.jpg,Acyclovir
59,image_9476.jpg,Acyclovir
60,image_9477.jpg,Adalimumab
61,image_9478.jpg,Adalimumab
62,image_9479.jpg,Adalimumab
63,image_9480.jpg,Adalimumab
64,image_9481.jpeg,Adalimumab
65,image_9482.jpg,Adalimumab
66,image_9483.jpg,Adalimumab
67,image_9484.jpg,Adalimumab
68,image_9485.jpeg,Adalimumab
69,image_9486.jpg,Adalimumab
70,image_9487.jpeg,Adapalene
71,image_9488.png,Adapalene
72,image_9489.jpg,Adapalene
73,image_9490.png,Adapalene
74,image_9491.jpg,Adapalene
75,image_9492.png,Adapalene
76,image_9493.png,Adapalene
77,image_9494.jpg,Adapalene
78,image_9495.jpg,Adapalene
79,image_9496.png,Adapalene
80,image_9497.jpg,Albendazole
81,image_9498.jpg,Albendazole
82,image_9499.jpg,Albendazole
83,image_9500.jpg,Albendazole
84,image_9501.jpg,Albendazole
85,image_9502.jpg,Albendazole
86,image_9503.jpg,Albendazole
87,image_9504.jpg,Albendazole
88,image_9505.jpg,Albendazole
89,image_9506.jpg,Albendazole
90,image_9507.jpg,Ambroxol
91,image_9508.jpg,Ambroxol
92,image_9509.png,Ambroxol
93,image_9510.jpg,Ambroxol
94,image_9511.jpg,Ambroxol
95,image_9512.jpg,Ambroxol
96,image_9513.png,Ambroxol
97,image_9514.jpg,Ambroxol
98,image_9515.jpg,Ambroxol
99,image_9516.jpg,Ambroxol
100,image_9517.jpg,Amikacin
101,image_9518.jpg,Amikacin
102,image_9519.jpg,Amikacin
103,image_9520.jpg,Amikacin
104,image_9521.jpg,Amikacin
105,image_9522.jpg,Amikacin
106,image_9523.png,Amikacin
107,image_9524.jpg,Amikacin
108,image_9525.jpg,Amikacin
109,image_9526.jpg,Amikacin
110,image_9527.jpg,Amoxicillin
111,image_9528.jpg,Amoxicillin
112,image_9529.jpg,Amoxicillin
113,image_9530.jpg,Amoxicillin
114,image_9531.jpg,Amoxicillin
115,image_9532.jpg,Amoxicillin
116,image_9533.jpeg,Amoxicillin
117,image_9534.jpg,Amoxicillin
118,image_9535.jpeg,Amoxicillin
119,image_9536.png,Amoxicillin
120,image_9537.jpg,Amoxsan
121,image_9538.jpg,Amoxsan
122,image_9539.JPG,Amoxsan
123,image_9540.jpg,Amoxsan
124,image_9541.jpg,Amoxsan
125,image_9542.jpg,Amoxsan
126,image_9543.jpg,Amoxsan
127,image_9544.jpg,Amoxsan
128,image_9545.jpg,Amoxsan
129,image_9546.jpg,Amoxsan
130,image_9547.jpg,Antangin
131,image_9548.jpg,Antangin
132,image_9549.png,Antangin
133,image_9550.jpg,Antangin
134,image_9551.jpg,Antangin
135,image_9552.jpg,Antangin
136,image_9553.jpg,Antangin
137,image_9554.jpg,Antangin
138,image_9555.jpg,Antangin
139,image_9556.jpg,Antangin
140,image_9557.jpg,Atenolol
141,image_9558.jpg,Atenolol
142,image_9559.jpeg,Atenolol
143,image_9560.jpg,Atenolol
144,image_9561.jpg,Atenolol
145,image_9562.jpg,Atenolol
146,image_9563.jpg,Atenolol
147,image_9564.JPG,Atenolol
148,image_9565.jpg,Atenolol
149,image_9566.jpg,Atenolol
150,image_9567.png,Atorvastatin
151,image_9568.jpg,Atorvastatin
152,image_9569.jpg,Atorvastatin
153,image_9570.jpg,Atorvastatin
154,image_9571.jpg,Atorvastatin
155,image_9572.jpg,Atorvastatin
156,image_9573.jpg,Atorvastatin
157,image_9574.jpg,Atorvastatin
158,image_9575.png,Atorvastatin
159,image_9576.jpg,Atorvastatin
160,image_9577.jpg,Benzolac
161,image_9578.png,Benzolac
162,image_9579.jpg,Benzolac
163,image_9580.jpg,Benzolac
164,image_9581.jpg,Benzolac
165,image_9582.jpg,Benzolac
166,image_9583.jpg,Benzolac
167,image_9584.jpeg,Benzolac
168,image_9585.jpg,Benzolac
169,image_9586.jpg,Benzolac
170,image_9587.jpg,Beta Karoten
171,image_9588.jpg,Beta Karoten
172,image_9589.jpg,Beta Karoten
173,image_9590.jpg,Beta Karoten
174,image_9591.jpg,Beta Karoten
175,image_9592.jpg,Beta Karoten
176,image_9593.jpg,Beta Karoten
177,image_9594.jpg,Beta Karoten
178,image_9595.jpg,Beta Karoten
179,image_9596.png,Beta Karoten
180,image_9597.jpg,Betadine
181,image_9598.jpg,Betadine
182,image_9599.png,Betadine
183,image_9600.png,Betadine
184,image_9601.jpg,Betadine
185,image_9602.jpg,Betadine
186,image_9603.jpg,Betadine
187,image_9604.jpg,Betadine
188,image_9605.JPG,Betadine
189,image_9606.jpg,Betadine
190,image_9607.jpg,Betahistine
191,image_9608.jpg,Betahistine
192,image_9609.jpg,Betahistine
193,image_9610.jpg,Betahistine
194,image_9611.jpg,Betahistine
195,image_9612.jpg,Betahistine
196,image_9613.jpg,Betahistine
197,image_9614.jpg,Betahistine
198,image_9615.jpeg,Betahistine
199,image_9616.jpeg,Betahistine
200,image_9617.png,Biogesic
201,image_9618.png,Biogesic
202,image_9619.JPG,Biogesic
203,image_9620.png,Biogesic
204,image_9621.png,Biogesic
205,image_9622.jpg,Biogesic
206,image_9623.png,Biogesic
207,image_9624.jpg,Biogesic
208,image_9625.jpg,Biogesic
209,image_9626.jpg,Biogesic
210,image_9627.jpg,Biotin
211,image_9628.png,Biotin
212,image_9629.JPG,Biotin
213,image_9630.jpg,Biotin
214,image_9631.jpg,Biotin
215,image_9632.png,Biotin
216,image_9633.jpg,Biotin
217,image_9634.jpg,Biotin
218,image_9635.jpg,Biotin
219,image_9636.png,Biotin
220,image_9637.jpg,Bisolvon
221,image_9638.jpg,Bisolvon
222,image_9639.jpg,Bisolvon
223,image_9640.jpg,Bisolvon
224,image_9641.jpg,Bisolvon
225,image_9642.jpg,Bisolvon
226,image_9643.jpg,Bisolvon
227,image_9644.jpg,Bisolvon
228,image_9645.jpg,Bisolvon
229,image_9646.jpg,Bisolvon
230,image_9647.jpg,Bisoprolol
231,image_9648.png,Bisoprolol
232,image_9649.jpg,Bisoprolol
233,image_9650.jpeg,Bisoprolol
234,image_9651.jpg,Bisoprolol
235,image_9652.jpeg,Bisoprolol
236,image_9653.JPG,Bisoprolol
237,image_9654.jpg,Bisoprolol
238,image_9655.jpg,Bisoprolol
239,image_9656.jpg,Bisoprolol
240,image_9657.jpg,Bodrex
241,image_9658.jpg,Bodrex
242,image_9659.jpg,Bodrex
243,image_9660.jpg,Bodrex
244,image_9661.jpg,Bodrex
245,image_9662.jpg,Bodrex
246,image_9663.jpg,Bodrex
247,image_9664.jpg,Bodrex
248,image_9665.jpg,Bodrex
249,image_9666.jpg,Bodrex
250,image_9667.jpg,Bodrexin
251,image_9668.jpg,Bodrexin
252,image_9669.png,Bodrexin
253,image_9670.jpg,Bodrexin
254,image_9671.jpg,Bodrexin
255,image_9672.png,Bodrexin
256,image_9673.png,Bodrexin
257,image_9674.png,Bodrexin
258,image_9675.png,Bodrexin
259,image_9676.jpg,Bodrexin
260,image_9677.jpg,Bromelain
261,image_9678.jpg,Bromelain
262,image_9679.jpg,Bromelain
263,image_9680.jpg,Bromelain
264,image_9681.jpg,Bromelain
265,image_9682.jpg,Bromelain
266,image_9683.jpeg,Bromelain
267,image_9684.png,Bromelain
268,image_9685.png,Bromelain
269,image_9686.jpg,Bromelain
270,image_9687.jpg,Buscopan
271,image_9688.jpg,Buscopan
272,image_9689.jpg,Buscopan
273,image_9690.jpg,Buscopan
274,image_9691.jpg,Buscopan
275,image_9692.JPG,Buscopan
276,image_9693.jpg,Buscopan
277,image_9694.jpg,Buscopan
278,image_9695.jpg,Buscopan
279,image_9696.jpg,Buscopan
280,image_9697.jpg,Caladine Lotion
281,image_9698.jpg,Caladine Lotion
282,image_9699.jpg,Caladine Lotion
283,image_9700.jpg,Caladine Lotion
284,image_9701.jpeg,Caladine Lotion
285,image_9702.jpg,Caladine Lotion
286,image_9703.jpg,Caladine Lotion
287,image_9704.jpg,Caladine Lotion
288,image_9705.JPG,Caladine Lotion
289,image_9706.jpeg,Caladine Lotion
290,image_9707.jpeg,Calamine
291,image_9708.jpg,Calamine
292,image_9709.JPG,Calamine
293,image_9710.jpg,Calamine
294,image_9711.png,Calamine
295,image_9712.jpg,Calamine
296,image_9713.jpg,Calamine
297,image_9714.jpg,Calamine
298,image_9715.jpg,Calamine
299,image_9716.jpg,Calamine
300,image_9717.jpg,Calcium D Redoxon
301,image_9718.jpg,Calcium D Redoxon
302,image_9719.jpg,Calcium D Redoxon
303,image_9720.jpg,Calcium D Redoxon
304,image_9721.jpg,Calcium D Redoxon
305,image_9722.jpg,Calcium D Redoxon
306,image_9723.jpg,Calcium D Redoxon
307,image_9724.jpg,Calcium D Redoxon
308,image_9725.jpg,Calcium D Redoxon
309,image_9726.jpg,Calcium D Redoxon
310,image_9727.jpg,Callusol
311,image_9728.jpeg,Callusol
312,image_9729.jpg,Callusol
313,image_9730.jpg,Callusol
314,image_9731.jpg,Callusol
315,image_9732.jpg,Callusol
316,image_9733.jpg,Callusol
317,image_9734.jpg,Callusol
318,image_9735.jpg,Callusol
319,image_9736.jpg,Callusol
320,image_9737.jpeg,Canesten
321,image_9738.jpg,Canesten
322,image_9739.jpg,Canesten
323,image_9740.JPG,Canesten
324,image_9741.jpg,Canesten
325,image_9742.jpg,Canesten
326,image_9743.jpg,Canesten
327,image_9744.jpg,Canesten
328,image_9745.jpg,Canesten
329,image_9746.jpg,Canesten
330,image_9747.jpg,Carbimazole
331,image_9748.jpg,Carbimazole
332,image_9749.jpg,Carbimazole
333,image_9750.jpg,Carbimazole
334,image_9751.jpeg,Carbimazole
335,image_9752.JPG,Carbimazole
336,image_9753.jpg,Carbimazole
337,image_9754.jpeg,Carbimazole
338,image_9755.png,Carbimazole
339,image_9756.jpg,Carbimazole
340,image_9757.jpg,Carboplatin
341,image_9758.JPG,Carboplatin
342,image_9759.jpg,Carboplatin
343,image_9760.jpg,Carboplatin
344,image_9761.jpg,Carboplatin
345,image_9762.jpg,Carboplatin
346,image_9763.jpg,Carboplatin
347,image_9764.jpg,Carboplatin
348,image_9765.jpg,Carboplatin
349,image_9766.jpeg,Carboplatin
350,image_9767.jpg,Cataflam
351,image_9768.jpg,Cataflam
352,image_9769.jpg,Cataflam
353,image_9770.jpg,Cataflam
354,image_9771.jpg,Cataflam
355,image_9772.jpg,Cataflam
356,image_9773.png,Cataflam
357,image_9774.jpg,Cataflam
358,image_9775.jpg,Cataflam
359,image_9776.jpg,Cataflam
360,image_9777.jpg,Caviplex
361,image_9778.jpg,Caviplex
362,image_9779.jpg,Caviplex
363,image_9780.jpg,Caviplex
364,image_9781.png,Caviplex
365,image_9782.jpg,Caviplex
366,image_9783.png,Caviplex
367,image_9784.jpg,Caviplex
368,image_9785.jpg,Caviplex
369,image_9786.jpg,Caviplex
370,image_9787.jpg,Cendo Lyteers
371,image_9788.jpg,Cendo Lyteers
372,image_9789.jpg,Cendo Lyteers
373,image_9790.jpg,Cendo Lyteers
374,image_9791.jpeg,Cendo Lyteers
375,image_9792.jpg,Cendo Lyteers
376,image_9793.jpg,Cendo Lyteers
377,image_9794.png,Cendo Lyteers
378,image_9795.jpg,Cendo Lyteers
379,image_9796.jpg,Cendo Lyteers
380,image_9797.jpeg,Cerebrovit
381,image_9798.png,Cerebrovit
382,image_9799.png,Cerebrovit
383,image_9800.jpg,Cerebrovit
384,image_9801.jpeg,Cerebrovit
385,image_9802.jpg,Cerebrovit
386,image_9803.jpg,Cerebrovit
387,image_9804.jpg,Cerebrovit
388,image_9805.jpg,Cerebrovit
389,image_9806.JPG,Cerebrovit
390,image_9807.jpg,Clenbuterol
391,image_9808.jpg,Clenbuterol
392,image_9809.jpg,Clenbuterol
393,image_9810.jpg,Clenbuterol
394,image_9811.jpg,Clenbuterol
395,image_9812.jpg,Clenbuterol
396,image_9813.jpg,Clenbuterol
397,image_9814.jpg,Clenbuterol
398,image_9815.jpg,Clenbuterol
399,image_9816.jpg,Clenbuterol
400,image_9817.jpg,Clobetasol
401,image_9818.jpg,Clobetasol
402,image_9819.jpg,Clobetasol
403,image_9820.png,Clobetasol
404,image_9821.jpg,Clobetasol
405,image_9822.jpg,Clobetasol
406,image_9823.jpg,Clobetasol
407,image_9824.jpg,Clobetasol
408,image_9825.jpg,Clobetasol
409,image_9826.jpg,Clobetasol
410,image_9827.jpg,Clotrimazole
411,image_9828.jpg,Clotrimazole
412,image_9829.jpg,Clotrimazole
413,image_9830.jpg,Clotrimazole
414,image_9831.jpg,Clotrimazole
415,image_9832.jpg,Clotrimazole
416,image_9833.jpg,Clotrimazole
417,image_9834.jpeg,Clotrimazole
418,image_9835.jpg,Clotrimazole
419,image_9836.jpg,Clotrimazole
420,image_9837.jpg,Codipront
421,image_9838.jpg,Codipront
422,image_9839.png,Codipront
423,image_9840.jpg,Codipront
424,image_9841.jpg,Codipront
425,image_9842.jpg,Codipront
426,image_9843.png,Codipront
427,image_9844.jpg,Codipront
428,image_9845.jpg,Codipront
429,image_9846.jpg,Codipront
430,image_9847.JPG,Combantrin
431,image_9848.jpg,Combantrin
432,image_9849.jpeg,Combantrin
433,image_9850.jpg,Combantrin
434,image_9851.jpg,Combantrin
435,image_9852.jpg,Combantrin
436,image_9853.jpg,Combantrin
437,image_9854.jpg,Combantrin
438,image_9855.jpg,Combantrin
439,image_9856.jpg,Combantrin
440,image_9857.jpg,Combivent
441,image_9858.jpeg,Combivent
442,image_9859.jpg,Combivent
443,image_9860.jpg,Combivent
444,image_9861.jpg,Combivent
445,image_9862.png,Combivent
446,image_9863.jpeg,Combivent
447,image_9864.png,Combivent
448,image_9865.jpeg,Combivent
449,image_9866.jpg,Combivent
450,image_9867.jpg,Counterpain
451,image_9868.jpg,Counterpain
452,image_9869.jpg,Counterpain
453,image_9870.jpg,Counterpain
454,image_9871.jpg,Counterpain
455,image_9872.jpg,Counterpain
456,image_9873.jpg,Counterpain
457,image_9874.jpg,Counterpain
458,image_9875.jpg,Counterpain
459,image_9876.jpg,Counterpain
460,image_9877.png,Crestor
461,image_9878.jpg,Crestor
462,image_9879.jpg,Crestor
463,image_9880.png,Crestor
464,image_9881.JPG,Crestor
465,image_9882.jpg,Crestor
466,image_9883.jpg,Crestor
467,image_9884.jpg,Crestor
468,image_9885.jpg,Crestor
469,image_9886.jpg,Crestor
470,image_9887.jpeg,Cytarabine
471,image_9888.JPG,Cytarabine
472,image_9889.jpg,Cytarabine
473,image_9890.jpg,Cytarabine
474,image_9891.jpg,Cytarabine
475,image_9892.jpg,Cytarabine
476,image_9893.png,Cytarabine
477,image_9894.jpg,Cytarabine
478,image_9895.jpg,Cytarabine
479,image_9896.JPG,Cytarabine
480,image_9897.jpg,Daclatasvir
481,image_9898.jpg,Daclatasvir
482,image_9899.jpg,Daclatasvir
483,image_9900.jpg,Daclatasvir
484,image_9901.jpg,Daclatasvir
485,image_9902.png,Daclatasvir
486,image_9903.jpg,Daclatasvir
487,image_9904.jpg,Daclatasvir
488,image_9905.jpg,Daclatasvir
489,image_9906.png,Daclatasvir
490,image_9907.png,Daktarin
491,image_9908.jpg,Daktarin
492,image_9909.jpg,Daktarin
493,image_9910.jpg,Daktarin
494,image_9911.jpg,Daktarin
495,image_9912.jpg,Daktarin
496,image_9913.jpg,Daktarin
497,image_9914.jpg,Daktarin
498,image_9915.jpg,Daktarin
499,image_9916.jpg,Daktarin
500,image_9917.jpg,Decitabine
501,image_9918.jpg,Decitabine
502,image_9919.jpg,Decitabine
503,image_9920.png,Decitabine
504,image_9921.jpg,Decitabine
505,image_9922.jpg,Decitabine
506,image_9923.jpg,Decitabine
507,image_9924.jpg,Decitabine
508,image_9925.jpeg,Decitabine
509,image_9926.jpg,Decitabine
510,image_9927.png,Decolgen
511,image_9928.jpg,Decolgen
512,image_9929.jpg,Decolgen
513,image_9930.jpg,Decolgen
514,image_9931.JPG,Decolgen
515,image_9932.jpg,Decolgen
516,image_9933.png,Decolgen
517,image_9934.png,Decolgen
518,image_9935.png,Decolgen
519,image_9936.jpg,Decolgen
520,image_9937.jpg,Deferasirox
521,image_9938.jpg,Deferasirox
522,image_9939.jpg,Deferasirox
523,image_9940.jpg,Deferasirox
524,image_9941.jpg,Deferasirox
525,image_9942.png,Deferasirox
526,image_9943.jpg,Deferasirox
527,image_9944.jpg,Deferasirox
528,image_9945.jpg,Deferasirox
529,image_9946.jpg,Deferasirox
530,image_9947.jpg,Degirol
531,image_9948.jpg,Degirol
532,image_9949.jpg,Degirol
533,image_9950.jpg,Degirol
534,image_9951.jpg,Degirol
535,image_9952.jpg,Degirol
536,image_9953.jpg,Degirol
537,image_9954.jpg,Degirol
538,image_9955.jpeg,Degirol
539,image_9956.jpg,Degirol
540,image_9957.jpg,Dermatix
541,image_9958.jpg,Dermatix
542,image_9959.jpg,Dermatix
543,image_9960.jpg,Dermatix
544,image_9961.jpeg,Dermatix
545,image_9962.jpg,Dermatix
546,image_9963.jpg,Dermatix
547,image_9964.png,Dermatix
548,image_9965.jpg,Dermatix
549,image_9966.jpg,Dermatix
550,image_9967.jpeg,Desmopressin
551,image_9968.jpg,Desmopressin
552,image_9969.jpg,Desmopressin
553,image_9970.jpg,Desmopressin
554,image_9971.jpg,Desmopressin
555,image_9972.jpg,Desmopressin
556,image_9973.jpg,Desmopressin
557,image_9974.jpg,Desmopressin
558,image_9975.jpg,Desmopressin
559,image_9976.jpg,Desmopressin
560,image_9977.jpg,Digoxin
561,image_9978.jpg,Digoxin
562,image_9979.jpg,Digoxin
563,image_9980.png,Digoxin
564,image_9981.jpg,Digoxin
565,image_9982.jpg,Digoxin
566,image_9983.jpg,Digoxin
567,image_9984.jpg,Digoxin
568,image_9985.jpg,Digoxin
569,image_9986.jpg,Digoxin
570,image_9987.jpg,Dramamine
571,image_9988.jpg,Dramamine
572,image_9989.png,Dramamine
573,image_9990.png,Dramamine
574,image_9991.jpg,Dramamine
575,image_9992.jpg,Dramamine
576,image_9993.jpg,Dramamine
577,image_9994.jpg,Dramamine
578,image_9995.jpg,Dramamine
579,image_9996.jpg,Dramamine
580,image_10000.jpg,Dulcolax
581,image_10001.jpg,Dulcolax
582,image_10002.jpg,Dulcolax
583,image_10003.jpg,Dulcolax
584,image_10004.jpg,Dulcolax
585,image_10005.jpg,Dulcolax
586,image_10006.jpg,Dulcolax
587,image_9997.jpg,Dulcolax
588,image_9998.jpg,Dulcolax
589,image_9999.jpg,Dulcolax
590,image_10007.jpg,Efavirenz
591,image_10008.jpg,Efavirenz
592,image_10009.png,Efavirenz
593,image_10010.jpg,Efavirenz
594,image_10011.jpg,Efavirenz
595,image_10012.jpg,Efavirenz
596,image_10013.jpg,Efavirenz
597,image_10014.jpg,Efavirenz
598,image_10015.jpg,Efavirenz
599,image_10016.png,Efavirenz
600,image_10017.jpg,Enalapril
601,image_10018.jpg,Enalapril
602,image_10019.jpg,Enalapril
603,image_10020.jpg,Enalapril
604,image_10021.jpg,Enalapril
605,image_10022.jpg,Enalapril
606,image_10023.jpg,Enalapril
607,image_10024.jpg,Enalapril
608,image_10025.jpg,Enalapril
609,image_10026.jpg,Enalapril
610,image_10027.png,EnervonC
611,image_10028.jpg,EnervonC
612,image_10029.jpg,EnervonC
613,image_10030.jpg,EnervonC
614,image_10031.jpg,EnervonC
615,image_10032.png,EnervonC
616,image_10033.JPG,EnervonC
617,image_10034.jpg,EnervonC
618,image_10035.jpg,EnervonC
619,image_10036.jpg,EnervonC
620,image_10037.jpg,Entrostop
621,image_10038.jpg,Entrostop
622,image_10039.jpg,Entrostop
623,image_10040.jpg,Entrostop
624,image_10041.jpg,Entrostop
625,image_10042.jpg,Entrostop
626,image_10043.jpg,Entrostop
627,image_10044.jpg,Entrostop
628,image_10045.jpg,Entrostop
629,image_10046.jpg,Entrostop
630,image_10047.jpg,Erlotinib
631,image_10048.jpg,Erlotinib
632,image_10049.jpeg,Erlotinib
633,image_10050.jpg,Erlotinib
634,image_10051.jpg,Erlotinib
635,image_10052.png,Erlotinib
636,image_10053.jpg,Erlotinib
637,image_10054.jpg,Erlotinib
638,image_10055.jpg,Erlotinib
639,image_10056.jpg,Erlotinib
640,image_10057.png,Esbriet
641,image_10058.jpg,Esbriet
642,image_10059.jpg,Esbriet
643,image_10060.jpg,Esbriet
644,image_10061.jpg,Esbriet
645,image_10062.jpg,Esbriet
646,image_10063.jpg,Esbriet
647,image_10064.jpg,Esbriet
648,image_10065.jpg,Esbriet
649,image_10066.jpg,Esbriet
650,image_10067.png,Esomeprazole
651,image_10068.jpeg,Esomeprazole
652,image_10069.jpg,Esomeprazole
653,image_10070.png,Esomeprazole
654,image_10071.jpg,Esomeprazole
655,image_10072.JPG,Esomeprazole
656,image_10073.jpg,Esomeprazole
657,image_10074.jpeg,Esomeprazole
658,image_10075.png,Esomeprazole
659,image_10076.jpeg,Esomeprazole
660,image_10077.jpg,Etodolac
661,image_10078.jpg,Etodolac
662,image_10079.jpg,Etodolac
663,image_10080.jpg,Etodolac
664,image_10081.jpg,Etodolac
665,image_10082.jpg,Etodolac
666,image_10083.jpg,Etodolac
667,image_10084.jpg,Etodolac
668,image_10085.jpg,Etodolac
669,image_10086.jpg,Etodolac
670,image_10087.jpg,Exemestane
671,image_10088.png,Exemestane
672,image_10089.jpg,Exemestane
673,image_10090.jpg,Exemestane
674,image_10091.png,Exemestane
675,image_10092.jpg,Exemestane
676,image_10093.jpg,Exemestane
677,image_10094.jpg,Exemestane
678,image_10095.jpg,Exemestane
679,image_10096.jpg,Exemestane
680,image_10097.jpg,Famciclovir
681,image_10098.png,Famciclovir
682,image_10099.jpg,Famciclovir
683,image_10100.jpg,Famciclovir
684,image_10101.jpg,Famciclovir
685,image_10102.jpg,Famciclovir
686,image_10103.jpg,Famciclovir
687,image_10104.jpg,Famciclovir
688,image_10105.jpg,Famciclovir
689,image_10106.png,Famciclovir
690,image_10107.jpg,Farsifen
691,image_10108.jpg,Farsifen
692,image_10109.jpg,Farsifen
693,image_10110.jpg,Farsifen
694,image_10111.jpg,Farsifen
695,image_10112.jpeg,Farsifen
696,image_10113.jpg,Farsifen
697,image_10114.png,Farsifen
698,image_10115.jpg,Farsifen
699,image_10116.jpg,Farsifen
700,image_10117.jpg,Fasidol
701,image_10118.jpg,Fasidol
702,image_10119.jpg,Fasidol
703,image_10120.jpg,Fasidol
704,image_10121.jpg,Fasidol
705,image_10122.jpg,Fasidol
706,image_10123.jpg,Fasidol
707,image_10124.jpg,Fasidol
708,image_10125.jpg,Fasidol
709,image_10126.jpg,Fasidol
710,image_10127.jpg,Febuxostat
711,image_10128.jpg,Febuxostat
712,image_10129.jpeg,Febuxostat
713,image_10130.jpeg,Febuxostat
714,image_10131.jpeg,Febuxostat
715,image_10132.jpg,Febuxostat
716,image_10133.jpg,Febuxostat
717,image_10134.jpg,Febuxostat
718,image_10135.jpg,Febuxostat
719,image_10136.jpg,Febuxostat
720,image_10137.jpg,Feminax
721,image_10138.png,Feminax
722,image_10139.png,Feminax
723,image_10140.jpg,Feminax
724,image_10141.png,Feminax
725,image_10142.png,Feminax
726,image_10143.jpg,Feminax
727,image_10144.jpg,Feminax
728,image_10145.jpg,Feminax
729,image_10146.jpg,Feminax
730,image_10147.jpg,Fexofenadine
731,image_10148.jpg,Fexofenadine
732,image_10149.png,Fexofenadine
733,image_10150.png,Fexofenadine
734,image_10151.png,Fexofenadine
735,image_10152.jpeg,Fexofenadine
736,image_10153.png,Fexofenadine
737,image_10154.jpg,Fexofenadine
738,image_10155.jpg,Fexofenadine
739,image_10156.jpg,Fexofenadine
740,image_10157.png,Finasteride
741,image_10158.png,Finasteride
742,image_10159.png,Finasteride
743,image_10160.png,Finasteride
744,image_10161.jpg,Finasteride
745,image_10162.jpg,Finasteride
746,image_10163.jpg,Finasteride
747,image_10164.jpg,Finasteride
748,image_10165.jpg,Finasteride
749,image_10166.jpg,Finasteride
750,image_10167.jpeg,Fluconazole
751,image_10168.jpg,Fluconazole
752,image_10169.jpg,Fluconazole
753,image_10170.jpg,Fluconazole
754,image_10171.png,Fluconazole
755,image_10172.jpeg,Fluconazole
756,image_10173.jpg,Fluconazole
757,image_10174.jpg,Fluconazole
758,image_10175.jpg,Fluconazole
759,image_10176.jpg,Fluconazole
760,image_10177.jpg,Fluocinolone
761,image_10178.jpg,Fluocinolone
762,image_10179.jpg,Fluocinolone
763,image_10180.jpg,Fluocinolone
764,image_10181.jpg,Fluocinolone
765,image_10182.jpg,Fluocinolone
766,image_10183.JPG,Fluocinolone
767,image_10184.jpg,Fluocinolone
768,image_10185.jpg,Fluocinolone
769,image_10186.jpeg,Fluocinolone
770,image_10187.jpg,Folavit
771,image_10188.jpg,Folavit
772,image_10189.jpg,Folavit
773,image_10190.jpg,Folavit
774,image_10191.jpg,Folavit
775,image_10192.jpg,Folavit
776,image_10193.png,Folavit
777,image_10194.jpg,Folavit
778,image_10195.jpg,Folavit
779,image_10196.jpg,Folavit
780,image_10197.jpg,Formoterol
781,image_10198.jpg,Formoterol
782,image_10199.jpg,Formoterol
783,image_10200.jpg,Formoterol
784,image_10201.jpg,Formoterol
785,image_10202.jpg,Formoterol
786,image_10203.jpg,Formoterol
787,image_10204.jpg,Formoterol
788,image_10205.jpg,Formoterol
789,image_10206.jpg,Formoterol
790,image_10207.jpg,Fungiderm
791,image_10208.jpg,Fungiderm
792,image_10209.jpg,Fungiderm
793,image_10210.jpg,Fungiderm
794,image_10211.jpg,Fungiderm
795,image_10212.jpg,Fungiderm
796,image_10213.jpg,Fungiderm
797,image_10214.jpg,Fungiderm
798,image_10215.jpg,Fungiderm
799,image_10216.jpg,Fungiderm
800,image_10217.jpg,Gemcitabine
801,image_10218.png,Gemcitabine
802,image_10219.jpg,Gemcitabine
803,image_10220.jpg,Gemcitabine
804,image_10221.JPG,Gemcitabine
805,image_10222.jpg,Gemcitabine
806,image_10223.JPG,Gemcitabine
807,image_10224.jpg,Gemcitabine
808,image_10225.jpg,Gemcitabine
809,image_10226.png,Gemcitabine
810,image_10227.jpg,Glucosamine
811,image_10228.JPG,Glucosamine
812,image_10229.jpg,Glucosamine
813,image_10230.jpg,Glucosamine
814,image_10231.jpg,Glucosamine
815,image_10232.jpg,Glucosamine
816,image_10233.png,Glucosamine
817,image_10234.jpg,Glucosamine
818,image_10235.jpg,Glucosamine
819,image_10236.png,Glucosamine
820,image_10237.jpg,Granisetron
821,image_10238.jpg,Granisetron
822,image_10239.jpg,Granisetron
823,image_10240.jpg,Granisetron
824,image_10241.jpg,Granisetron
825,image_10242.png,Granisetron
826,image_10243.jpg,Granisetron
827,image_10244.jpg,Granisetron
828,image_10245.jpg,Granisetron
829,image_10246.jpeg,Granisetron
830,image_10247.jpeg,Holisticare Ester C
831,image_10248.jpg,Holisticare Ester C
832,image_10249.jpg,Holisticare Ester C
833,image_10250.jpg,Holisticare Ester C
834,image_10251.jpg,Holisticare Ester C
835,image_10252.jpg,Holisticare Ester C
836,image_10253.png,Holisticare Ester C
837,image_10254.jpeg,Holisticare Ester C
838,image_10255.jpg,Holisticare Ester C
839,image_10256.jpg,Holisticare Ester C
840,image_10257.png,Imboost
841,image_10258.jpg,Imboost
842,image_10259.png,Imboost
843,image_10260.jpg,Imboost
844,image_10261.png,Imboost
845,image_10262.jpg,Imboost
846,image_10263.jpg,Imboost
847,image_10264.jpg,Imboost
848,image_10265.png,Imboost
849,image_10266.jpg,Imboost
850,image_10267.jpg,Imodium
851,image_10268.jpg,Imodium
852,image_10269.jpg,Imodium
853,image_10270.jpg,Imodium
854,image_10271.jpg,Imodium
855,image_10272.png,Imodium
856,image_10273.jpg,Imodium
857,image_10274.png,Imodium
858,image_10275.jpg,Imodium
859,image_10276.jpg,Imodium
860,image_10277.jpg,Insto
861,image_10278.png,Insto
862,image_10279.jpg,Insto
863,image_10280.jpg,Insto
864,image_10281.jpg,Insto
865,image_10282.jpg,Insto
866,image_10283.png,Insto
867,image_10284.jpg,Insto
868,image_10285.jpg,Insto
869,image_10286.jpg,Insto
870,image_10287.jpg,Irbesartan
871,image_10288.png,Irbesartan
872,image_10289.png,Irbesartan
873,image_10290.jpg,Irbesartan
874,image_10291.jpg,Irbesartan
875,image_10292.jpg,Irbesartan
876,image_10293.jpg,Irbesartan
877,image_10294.jpg,Irbesartan
878,image_10295.jpg,Irbesartan
879,image_10296.jpg,Irbesartan
880,image_10297.png,Ketoconazole
881,image_10298.png,Ketoconazole
882,image_10299.png,Ketoconazole
883,image_10300.png,Ketoconazole
884,image_10301.png,Ketoconazole
885,image_10302.png,Ketoconazole
886,image_10303.png,Ketoconazole
887,image_10304.png,Ketoconazole
888,image_10305.png,Ketoconazole
889,image_10306.png,Ketoconazole
890,image_10307.png,Labetalol
891,image_10308.png,Labetalol
892,image_10309.png,Labetalol
893,image_10310.png,Labetalol
894,image_10311.png,Labetalol
895,image_10312.png,Labetalol
896,image_10313.png,Labetalol
897,image_10314.png,Labetalol
898,image_10315.png,Labetalol
899,image_10316.png,Labetalol
900,image_10317.png,Latanoprost
901,image_10318.png,Latanoprost
902,image_10319.png,Latanoprost
903,image_10320.png,Latanoprost
904,image_10321.png,Latanoprost
905,image_10322.png,Latanoprost
906,image_10323.png,Latanoprost
907,image_10324.png,Latanoprost
908,image_10325.png,Latanoprost
909,image_10326.png,Latanoprost
910,image_10327.png,Lenalidomide
911,image_10328.png,Lenalidomide
912,image_10329.png,Lenalidomide
913,image_10330.png,Lenalidomide
914,image_10331.png,Lenalidomide
915,image_10332.png,Lenalidomide
916,image_10333.png,Lenalidomide
917,image_10334.png,Lenalidomide
918,image_10335.png,Lenalidomide
919,image_10336.png,Lenalidomide
920,image_10337.png,Letrozole
921,image_10338.png,Letrozole
922,image_10339.png,Letrozole
923,image_10340.png,Letrozole
924,image_10341.png,Letrozole
925,image_10342.png,Letrozole
926,image_10343.png,Letrozole
927,image_10344.png,Letrozole
928,image_10345.png,Letrozole
929,image_10346.png,Letrozole
930,image_10347.png,Levetiracetam
931,image_10348.png,Levetiracetam
932,image_10349.png,Levetiracetam
933,image_10350.png,Levetiracetam
934,image_10351.png,Levetiracetam
935,image_10352.png,Levetiracetam
936,image_10353.png,Levetiracetam
937,image_10354.png,Levetiracetam
938,image_10355.png,Levetiracetam
939,image_10356.png,Levetiracetam
940,image_10357.png,Levocetirizine
941,image_10358.png,Levocetirizine
942,image_10359.png,Levocetirizine
943,image_10360.png,Levocetirizine
944,image_10361.png,Levocetirizine
945,image_10362.png,Levocetirizine
946,image_10363.png,Levocetirizine
947,image_10364.png,Levocetirizine
948,image_10365.png,Levocetirizine
949,image_10366.png,Levocetirizine
950,image_10367.png,Levofloxacin
951,image_10368.png,Levofloxacin
952,image_10369.png,Levofloxacin
953,image_10370.png,Levofloxacin
954,image_10371.png,Levofloxacin
955,image_10372.png,Levofloxacin
956,image_10373.png,Levofloxacin
957,image_10374.png,Levofloxacin
958,image_10375.png,Levofloxacin
959,image_10376.png,Levofloxacin
960,image_10377.png,Lidocaine
961,image_10378.png,Lidocaine
962,image_10379.png,Lidocaine
963,image_10380.png,Lidocaine
964,image_10381.png,Lidocaine
965,image_10382.png,Lidocaine
966,image_10383.png,Lidocaine
967,image_10384.png,Lidocaine
968,image_10385.png,Lidocaine
969,image_10386.png,Lidocaine
970,image_10387.png,Linezolid
971,image_10388.png,Linezolid
972,image_10389.png,Linezolid
973,image_10390.png,Linezolid
974,image_10391.png,Linezolid
975,image_10392.png,Linezolid
976,image_10393.png,Linezolid
977,image_10394.png,Linezolid
978,image_10395.png,Linezolid
979,image_10396.png,Linezolid
980,image_10397.png,Lisinopril
981,image_10398.png,Lisinopril
982,image_10399.png,Lisinopril
983,image_10400.png,Lisinopril
984,image_10401.png,Lisinopril
985,image_10402.png,Lisinopril
986,image_10403.png,Lisinopril
987,image_10404.png,Lisinopril
988,image_10405.png,Lisinopril
989,image_10406.png,Lisinopril
990,image_10407.png,Melatonin
991,image_10408.png,Melatonin
992,image_10409.png,Melatonin
993,image_10410.png,Melatonin
994,image_10411.png,Melatonin
995,image_10412.png,Melatonin
996,image_10413.png,Melatonin
997,image_10414.png,Melatonin
998,image_10415.png,Melatonin
999,image_10416.png,Melatonin
1000,image_10417.png,Meropenem
1001,image_10418.png,Meropenem
1002,image_10419.png,Meropenem
1003,image_10420.png,Meropenem
1004,image_10421.png,Meropenem
1005,image_10422.png,Meropenem
1006,image_10423.png,Meropenem
1007,image_10424.png,Meropenem
1008,image_10425.png,Meropenem
1009,image_10426.png,Meropenem
1010,image_10427.png,Metformin
1011,image_10428.png,Metformin
1012,image_10429.png,Metformin
1013,image_10430.png,Metformin
1014,image_10431.png,Metformin
1015,image_10432.png,Metformin
1016,image_10433.png,Metformin
1017,image_10434.png,Metformin
1018,image_10435.png,Metformin
1019,image_10436.png,Metformin
1020,image_10437.png,Methylcobalamin
1021,image_10438.png,Methylcobalamin
1022,image_10439.png,Methylcobalamin
1023,image_10440.png,Methylcobalamin
1024,image_10441.png,Methylcobalamin
1025,image_10442.png,Methylcobalamin
1026,image_10443.png,Methylcobalamin
1027,image_10444.png,Methylcobalamin
1028,image_10445.png,Methylcobalamin
1029,image_10446.png,Methylcobalamin
1030,image_10447.png,Mixagrip
1031,image_10448.png,Mixagrip
1032,image_10449.png,Mixagrip
1033,image_10450.png,Mixagrip
1034,image_10451.png,Mixagrip
1035,image_10452.png,Mixagrip
1036,image_10453.png,Mixagrip
1037,image_10454.png,Mixagrip
1038,image_10455.png,Mixagrip
1039,image_10456.png,Mixagrip
1040,image_10457.png,Mylanta
1041,image_10458.png,Mylanta
1042,image_10459.png,Mylanta
1043,image_10460.png,Mylanta
1044,image_10461.png,Mylanta
1045,image_10462.png,Mylanta
1046,image_10463.png,Mylanta
1047,image_10464.png,Mylanta
1048,image_10465.png,Mylanta
1049,image_10466.png,Mylanta
1050,image_10467.png,Nebivolol
1051,image_10468.png,Nebivolol
1052,image_10469.png,Nebivolol
1053,image_10470.png,Nebivolol
1054,image_10471.png,Nebivolol
1055,image_10472.png,Nebivolol
1056,image_10473.png,Nebivolol
1057,image_10474.png,Nebivolol
1058,image_10475.png,Nebivolol
1059,image_10476.png,Nebivolol
1060,image_10477.png,Neo Rheumacyl
1061,image_10478.png,Neo Rheumacyl
1062,image_10479.png,Neo Rheumacyl
1063,image_10480.png,Neo Rheumacyl
1064,image_10481.png,Neo Rheumacyl
1065,image_10482.png,Neo Rheumacyl
1066,image_10483.png,Neo Rheumacyl
1067,image_10484.png,Neo Rheumacyl
1068,image_10485.png,Neo Rheumacyl
1069,image_10486.png,Neo Rheumacyl
1070,image_10487.png,Neurobion
1071,image_10488.png,Neurobion
1072,image_10489.png,Neurobion
1073,image_10490.png,Neurobion
1074,image_10491.png,Neurobion
1075,image_10492.png,Neurobion
1076,image_10493.png,Neurobion
1077,image_10494.png,Neurobion
1078,image_10495.png,Neurobion
1079,image_10496.png,Neurobion
1080,image_10497.jpg,Ofloxacin
1081,image_10498.png,Ofloxacin
1082,image_10499.jpg,Ofloxacin
1083,image_10500.jpg,Ofloxacin
1084,image_10501.jpg,Ofloxacin
1085,image_10502.jpg,Ofloxacin
1086,image_10503.jpg,Ofloxacin
1087,image_10504.jpg,Ofloxacin
1088,image_10505.jpg,Ofloxacin
1089,image_10506.jpg,Ofloxacin
1090,image_10507.jpg,Olmesartan
1091,image_10508.png,Olmesartan
1092,image_10509.jpeg,Olmesartan
1093,image_10510.jpg,Olmesartan
1094,image_10511.jpg,Olmesartan
1095,image_10512.jpeg,Olmesartan
1096,image_10513.jpg,Olmesartan
1097,image_10514.jpg,Olmesartan
1098,image_10515.jpg,Olmesartan
1099,image_10516.png,Olmesartan
1100,image_10517.png,Olopatadine
1101,image_10518.jpg,Olopatadine
1102,image_10519.jpg,Olopatadine
1103,image_10520.jpg,Olopatadine
1104,image_10521.jpg,Olopatadine
1105,image_10522.jpg,Olopatadine
1106,image_10523.png,Olopatadine
1107,image_10524.jpg,Olopatadine
1108,image_10525.jpg,Olopatadine
1109,image_10526.jpg,Olopatadine
1110,image_10527.jpg,Omeprazole
1111,image_10528.jpg,Omeprazole
1112,image_10529.JPG,Omeprazole
1113,image_10530.jpg,Omeprazole
1114,image_10531.jpg,Omeprazole
1115,image_10532.jpg,Omeprazole
1116,image_10533.jpeg,Omeprazole
1117,image_10534.jpeg,Omeprazole
1118,image_10535.png,Omeprazole
1119,image_10536.jpg,Omeprazole
1120,image_10537.jpeg,Ondansetron
1121,image_10538.jpg,Ondansetron
1122,image_10539.jpg,Ondansetron
1123,image_10540.png,Ondansetron
1124,image_10541.jpg,Ondansetron
1125,image_10542.jpg,Ondansetron
1126,image_10543.jpg,Ondansetron
1127,image_10544.jpg,Ondansetron
1128,image_10545.jpg,Ondansetron
1129,image_10546.png,Ondansetron
1130,image_10547.jpg,Orlistat
1131,image_10548.png,Orlistat
1132,image_10549.jpg,Orlistat
1133,image_10550.jpg,Orlistat
1134,image_10551.jpg,Orlistat
1135,image_10552.jpg,Orlistat
1136,image_10553.png,Orlistat
1137,image_10554.png,Orlistat
1138,image_10555.jpg,Orlistat
1139,image_10556.jpg,Orlistat
1140,image_10557.jpg,Oxomemazine
1141,image_10558.jpg,Oxomemazine
1142,image_10559.jpg,Oxomemazine
1143,image_10560.jpg,Oxomemazine
1144,image_10561.jpg,Oxomemazine
1145,image_10562.jpg,Oxomemazine
1146,image_10563.jpg,Oxomemazine
1147,image_10564.jpg,Oxomemazine
1148,image_10565.jpg,Oxomemazine
1149,image_10566.jpg,Oxomemazine
1150,image_10567.jpg,Panadol
1151,image_10568.jpg,Panadol
1152,image_10569.jpg,Panadol
1153,image_10570.jpg,Panadol
1154,image_10571.jpg,Panadol
1155,image_10572.jpg,Panadol
1156,image_10573.jpg,Panadol
1157,image_10574.jpg,Panadol
1158,image_10575.png,Panadol
1159,image_10576.jpg,Panadol
1160,image_10577.jpg,Pantoprazole
1161,image_10578.jpg,Pantoprazole
1162,image_10579.jpg,Pantoprazole
1163,image_10580.jpg,Pantoprazole
1164,image_10581.jpg,Pantoprazole
1165,image_10582.jpg,Pantoprazole
1166,image_10583.jpg,Pantoprazole
1167,image_10584.jpg,Pantoprazole
1168,image_10585.jpg,Pantoprazole
1169,image_10586.jpg,Pantoprazole
1170,image_10587.png,Paramol Forte
1171,image_10588.jpg,Paramol Forte
1172,image_10589.jpg,Paramol Forte
1173,image_10590.jpg,Paramol Forte
1174,image_10591.jpg,Paramol Forte
1175,image_10592.png,Paramol Forte
1176,image_10593.jpg,Paramol Forte
1177,image_10594.jpg,Paramol Forte
1178,image_10595.jpg,Paramol Forte
1179,image_10596.png,Paramol Forte
1180,image_10597.jpg,Paxlovid
1181,image_10598.jpg,Paxlovid
1182,image_10599.jpg,Paxlovid
1183,image_10600.jpg,Paxlovid
1184,image_10601.jpg,Paxlovid
1185,image_10602.jpg,Paxlovid
1186,image_10603.jpg,Paxlovid
1187,image_10604.jpeg,Paxlovid
1188,image_10605.jpg,Paxlovid
1189,image_10606.jpg,Paxlovid
1190,image_10607.jpg,Pegfilgrastim
1191,image_10608.jpg,Pegfilgrastim
1192,image_10609.jpg,Pegfilgrastim
1193,image_10610.jpg,Pegfilgrastim
1194,image_10611.jpg,Pegfilgrastim
1195,image_10612.jpg,Pegfilgrastim
1196,image_10613.jpg,Pegfilgrastim
1197,image_10614.jpg,Pegfilgrastim
1198,image_10615.jpg,Pegfilgrastim
1199,image_10616.gif,Pegfilgrastim
1200,image_10617.jpg,Piracetam
1201,image_10618.png,Piracetam
1202,image_10619.jpg,Piracetam
1203,image_10620.jpg,Piracetam
1204,image_10621.jpg,Piracetam
1205,image_10622.jpg,Piracetam
1206,image_10623.jpg,Piracetam
1207,image_10624.png,Piracetam
1208,image_10625.jpg,Piracetam
1209,image_10626.jpg,Piracetam
1210,image_10627.jpg,Piroxicam
1211,image_10628.jpeg,Piroxicam
1212,image_10629.jpg,Piroxicam
1213,image_10630.jpg,Piroxicam
1214,image_10631.png,Piroxicam
1215,image_10632.png,Piroxicam
1216,image_10633.png,Piroxicam
1217,image_10634.jpg,Piroxicam
1218,image_10635.JPG,Piroxicam
1219,image_10636.jpg,Piroxicam
1220,image_10637.jpg,Polymyxin B Ophthalmic
1221,image_10638.JPG,Polymyxin B Ophthalmic
1222,image_10639.JPG,Polymyxin B Ophthalmic
1223,image_10640.jpg,Polymyxin B Ophthalmic
1224,image_10641.jpg,Polymyxin B Ophthalmic
1225,image_10642.jpg,Polymyxin B Ophthalmic
1226,image_10643.JPG,Polymyxin B Ophthalmic
1227,image_10644.jpg,Polymyxin B Ophthalmic
1228,image_10645.jpg,Polymyxin B Ophthalmic
1229,image_10646.jpg,Polymyxin B Ophthalmic
1230,image_10647.jpg,Polysilane
1231,image_10648.jpg,Polysilane
1232,image_10649.jpg,Polysilane
1233,image_10650.png,Polysilane
1234,image_10651.jpg,Polysilane
1235,image_10652.jpg,Polysilane
1236,image_10653.jpg,Polysilane
1237,image_10654.jpg,Polysilane
1238,image_10655.jpg,Polysilane
1239,image_10656.jpg,Polysilane
1240,image_10657.jpg,Pomalidomide
1241,image_10658.jpg,Pomalidomide
1242,image_10659.jpg,Pomalidomide
1243,image_10660.jpg,Pomalidomide
1244,image_10661.jpg,Pomalidomide
1245,image_10662.jpg,Pomalidomide
1246,image_10663.jpeg,Pomalidomide
1247,image_10664.jpg,Pomalidomide
1248,image_10665.jpg,Pomalidomide
1249,image_10666.jpg,Pomalidomide
1250,image_10667.jpg,Ponstan
1251,image_10668.jpg,Ponstan
1252,image_10669.JPG,Ponstan
1253,image_10670.png,Ponstan
1254,image_10671.jpg,Ponstan
1255,image_10672.jpg,Ponstan
1256,image_10673.jpg,Ponstan
1257,image_10674.jpg,Ponstan
1258,image_10675.jpg,Ponstan
1259,image_10676.jpg,Ponstan
1260,image_10677.jpg,Postinor
1261,image_10678.jpg,Postinor
1262,image_10679.jpg,Postinor
1263,image_10680.jpg,Postinor
1264,image_10681.jpg,Postinor
1265,image_10682.jpg,Postinor
1266,image_10683.JPG,Postinor
1267,image_10684.jpg,Postinor
1268,image_10685.png,Postinor
1269,image_10686.jpg,Postinor
1270,image_10687.jpg,Quetiapine
1271,image_10688.png,Quetiapine
1272,image_10689.jpg,Quetiapine
1273,image_10690.jpg,Quetiapine
1274,image_10691.jpg,Quetiapine
1275,image_10692.jpg,Quetiapine
1276,image_10693.jpg,Quetiapine
1277,image_10694.jpg,Quetiapine
1278,image_10695.jpg,Quetiapine
1279,image_10696.jpg,Quetiapine
1280,image_10697.jpg,Quixx
1281,image_10698.jpg,Quixx
1282,image_10699.jpeg,Quixx
1283,image_10700.png,Quixx
1284,image_10701.jpg,Quixx
1285,image_10702.jpg,Quixx
1286,image_10703.jpg,Quixx
1287,image_10704.jpg,Quixx
1288,image_10705.png,Quixx
1289,image_10706.jpeg,Quixx
1290,image_10707.jpg,Racecadotril
1291,image_10708.jpg,Racecadotril
1292,image_10709.jpg,Racecadotril
1293,image_10710.jpg,Racecadotril
1294,image_10711.jpg,Racecadotril
1295,image_10712.jpg,Racecadotril
1296,image_10713.jpg,Racecadotril
1297,image_10714.jpg,Racecadotril
1298,image_10715.jpg,Racecadotril
1299,image_10716.jpg,Racecadotril
1300,image_10717.jpg,Raloxifen
1301,image_10718.jpg,Raloxifen
1302,image_10719.jpg,Raloxifen
1303,image_10720.jpg,Raloxifen
1304,image_10721.jpg,Raloxifen
1305,image_10722.png,Raloxifen
1306,image_10723.jpg,Raloxifen
1307,image_10724.jpg,Raloxifen
1308,image_10725.jpg,Raloxifen
1309,image_10726.jpg,Raloxifen
1310,image_10727.jpg,Redoxon
1311,image_10728.jpg,Redoxon
1312,image_10729.jpg,Redoxon
1313,image_10730.jpg,Redoxon
1314,image_10731.jpg,Redoxon
1315,image_10732.png,Redoxon
1316,image_10733.jpg,Redoxon
1317,image_10734.jpg,Redoxon
1318,image_10735.jpg,Redoxon
1319,image_10736.jpg,Redoxon
1320,image_10737.jpg,Ribavirin
1321,image_10738.png,Ribavirin
1322,image_10739.jpg,Ribavirin
1323,image_10740.jpg,Ribavirin
1324,image_10741.jpg,Ribavirin
1325,image_10742.jpg,Ribavirin
1326,image_10743.jpg,Ribavirin
1327,image_10744.jpg,Ribavirin
1328,image_10745.png,Ribavirin
1329,image_10746.jpg,Ribavirin
1330,image_10747.jpg,Riboflavin
1331,image_10748.jpg,Riboflavin
1332,image_10749.jpg,Riboflavin
1333,image_10750.jpg,Riboflavin
1334,image_10751.jpg,Riboflavin
1335,image_10752.png,Riboflavin
1336,image_10753.jpg,Riboflavin
1337,image_10754.jpg,Riboflavin
1338,image_10755.jpg,Riboflavin
1339,image_10756.jpg,Riboflavin
1340,image_10757.JPG,Rohto
1341,image_10758.png,Rohto
1342,image_10759.jpeg,Rohto
1343,image_10760.png,Rohto
1344,image_10761.jpg,Rohto
1345,image_10762.jpg,Rohto
1346,image_10763.jpg,Rohto
1347,image_10764.jpg,Rohto
1348,image_10765.JPG,Rohto
1349,image_10766.jpg,Rohto
1350,image_10767.jpg,Sakatonik
1351,image_10768.png,Sakatonik
1352,image_10769.jpg,Sakatonik
1353,image_10770.jpg,Sakatonik
1354,image_10771.jpg,Sakatonik
1355,image_10772.jpg,Sakatonik
1356,image_10773.jpg,Sakatonik
1357,image_10774.jpg,Sakatonik
1358,image_10775.jpeg,Sakatonik
1359,image_10776.jpg,Sakatonik
1360,image_10777.jpg,Salonpas
1361,image_10778.png,Salonpas
1362,image_10779.jpeg,Salonpas
1363,image_10780.jpg,Salonpas
1364,image_10781.png,Salonpas
1365,image_10782.jpg,Salonpas
1366,image_10783.jpg,Salonpas
1367,image_10784.jpg,Salonpas
1368,image_10785.jpg,Salonpas
1369,image_10786.jpg,Salonpas
1370,image_10787.jpg,Sangobion
1371,image_10788.jpg,Sangobion
1372,image_10789.jpg,Sangobion
1373,image_10790.png,Sangobion
1374,image_10791.jpg,Sangobion
1375,image_10792.jpg,Sangobion
1376,image_10793.JPG,Sangobion
1377,image_10794.jpg,Sangobion
1378,image_10795.png,Sangobion
1379,image_10796.jpg,Sangobion
1380,image_10797.jpg,Sanmol
1381,image_10798.jpg,Sanmol
1382,image_10799.jpg,Sanmol
1383,image_10800.jpg,Sanmol
1384,image_10801.png,Sanmol
1385,image_10802.jpg,Sanmol
1386,image_10803.jpg,Sanmol
1387,image_10804.png,Sanmol
1388,image_10805.jpg,Sanmol
1389,image_10806.jpg,Sanmol
1390,image_10807.jpg,Siladex
1391,image_10808.jpg,Siladex
1392,image_10809.jpeg,Siladex
1393,image_10810.jpg,Siladex
1394,image_10811.jpg,Siladex
1395,image_10812.png,Siladex
1396,image_10813.jpg,Siladex
1397,image_10814.jpg,Siladex
1398,image_10815.jpg,Siladex
1399,image_10816.png,Siladex
1400,image_10817.jpg,Sofosbuvir
1401,image_10818.jpg,Sofosbuvir
1402,image_10819.jpg,Sofosbuvir
1403,image_10820.jpg,Sofosbuvir
1404,image_10821.jpg,Sofosbuvir
1405,image_10822.jpg,Sofosbuvir
1406,image_10823.jpg,Sofosbuvir
1407,image_10824.jpg,Sofosbuvir
1408,image_10825.jpg,Sofosbuvir
1409,image_10826.jpg,Sofosbuvir
1410,image_10827.jpg,Solifenacin
1411,image_10828.jpg,Solifenacin
1412,image_10829.jpg,Solifenacin
1413,image_10830.jpg,Solifenacin
1414,image_10831.jpg,Solifenacin
1415,image_10832.jpeg,Solifenacin
1416,image_10833.jpg,Solifenacin
1417,image_10834.jpg,Solifenacin
1418,image_10835.jpg,Solifenacin
1419,image_10836.jpeg,Solifenacin
1420,image_10837.jpg,Spasminal
1421,image_10838.jpg,Spasminal
1422,image_10839.png,Spasminal
1423,image_10840.jpg,Spasminal
1424,image_10841.png,Spasminal
1425,image_10842.jpg,Spasminal
1426,image_10843.jpg,Spasminal
1427,image_10844.jpg,Spasminal
1428,image_10845.jpg,Spasminal
1429,image_10846.jpg,Spasminal
1430,image_10847.jpg,Stimuno Forte
1431,image_10848.jpg,Stimuno Forte
1432,image_10849.png,Stimuno Forte
1433,image_10850.jpg,Stimuno Forte
1434,image_10851.jpg,Stimuno Forte
1435,image_10852.png,Stimuno Forte
1436,image_10853.jpg,Stimuno Forte
1437,image_10854.jpeg,Stimuno Forte
1438,image_10855.jpg,Stimuno Forte
1439,image_10856.jpg,Stimuno Forte
1440,image_10857.png,Strepsils
1441,image_10858.jpg,Strepsils
1442,image_10859.jpg,Strepsils
1443,image_10860.jpg,Strepsils
1444,image_10861.jpg,Strepsils
1445,image_10862.jpg,Strepsils
1446,image_10863.jpg,Strepsils
1447,image_10864.jpg,Strepsils
1448,image_10865.jpg,Strepsils
1449,image_10866.jpg,Strepsils
1450,image_10867.jpg,Sumagesic
1451,image_10868.JPG,Sumagesic
1452,image_10869.jpg,Sumagesic
1453,image_10870.jpg,Sumagesic
1454,image_10871.jpg,Sumagesic
1455,image_10872.jpg,Sumagesic
1456,image_10873.jpeg,Sumagesic
1457,image_10874.jpg,Sumagesic
1458,image_10875.jpg,Sumagesic
1459,image_10876.jpg,Sumagesic
1460,image_10877.jpg,Tadalafil
1461,image_10878.jpg,Tadalafil
1462,image_10879.png,Tadalafil
1463,image_10880.png,Tadalafil
1464,image_10881.jpg,Tadalafil
1465,image_10882.jpg,Tadalafil
1466,image_10883.jpg,Tadalafil
1467,image_10884.png,Tadalafil
1468,image_10885.jpg,Tadalafil
1469,image_10886.jpg,Tadalafil
1470,image_10887.jpeg,Tamoxifen
1471,image_10888.jpg,Tamoxifen
1472,image_10889.jpg,Tamoxifen
1473,image_10890.jpg,Tamoxifen
1474,image_10891.png,Tamoxifen
1475,image_10892.jpg,Tamoxifen
1476,image_10893.jpg,Tamoxifen
1477,image_10894.jpg,Tamoxifen
1478,image_10895.jpg,Tamoxifen
1479,image_10896.jpg,Tamoxifen
1480,image_10897.jpg,Tamsulosin
1481,image_10898.jpg,Tamsulosin
1482,image_10899.jpg,Tamsulosin
1483,image_10900.jpg,Tamsulosin
1484,image_10901.jpg,Tamsulosin
1485,image_10902.png,Tamsulosin
1486,image_10903.jpg,Tamsulosin
1487,image_10904.jpg,Tamsulosin
1488,image_10905.jpg,Tamsulosin
1489,image_10906.jpg,Tamsulosin
1490,image_10907.jpg,Tapentadol
1491,image_10908.jpg,Tapentadol
1492,image_10909.jpeg,Tapentadol
1493,image_10910.jpeg,Tapentadol
1494,image_10911.jpeg,Tapentadol
1495,image_10912.png,Tapentadol
1496,image_10913.jpg,Tapentadol
1497,image_10914.jpg,Tapentadol
1498,image_10915.jpeg,Tapentadol
1499,image_10916.jpeg,Tapentadol
1500,image_10917.jpg,Telmisartan
1501,image_10918.jpg,Telmisartan
1502,image_10919.png,Telmisartan
1503,image_10920.jpg,Telmisartan
1504,image_10921.jpg,Telmisartan
1505,image_10922.jpeg,Telmisartan
1506,image_10923.jpg,Telmisartan
1507,image_10924.jpg,Telmisartan
1508,image_10925.JPG,Telmisartan
1509,image_10926.jpeg,Telmisartan
1510,image_10927.jpg,Tenofovir Alafenamide
1511,image_10928.jpg,Tenofovir Alafenamide
1512,image_10929.jpg,Tenofovir Alafenamide
1513,image_10930.jpg,Tenofovir Alafenamide
1514,image_10931.jpg,Tenofovir Alafenamide
1515,image_10932.jpg,Tenofovir Alafenamide
1516,image_10933.jpg,Tenofovir Alafenamide
1517,image_10934.jpg,Tenofovir Alafenamide
1518,image_10935.jpg,Tenofovir Alafenamide
1519,image_10936.jpeg,Tenofovir Alafenamide
1520,image_10937.jpg,Terbutaline
1521,image_10938.jpg,Terbutaline
1522,image_10939.JPG,Terbutaline
1523,image_10940.jpg,Terbutaline
1524,image_10941.jpg,Terbutaline
1525,image_10942.jpg,Terbutaline
1526,image_10943.jpg,Terbutaline
1527,image_10944.jpeg,Terbutaline
1528,image_10945.jpg,Terbutaline
1529,image_10946.jpg,Terbutaline
1530,image_10947.JPG,Terramycin
1531,image_10948.jpg,Terramycin
1532,image_10949.jpg,Terramycin
1533,image_10950.jpg,Terramycin
1534,image_10951.png,Terramycin
1535,image_10952.jpg,Terramycin
1536,image_10953.jpg,Terramycin
1537,image_10954.jpg,Terramycin
1538,image_10955.jpg,Terramycin
1539,image_10956.jpg,Terramycin
1540,image_10957.jpg,Thiamycin
1541,image_10958.jpg,Thiamycin
1542,image_10959.jpg,Thiamycin
1543,image_10960.jpg,Thiamycin
1544,image_10961.jpg,Thiamycin
1545,image_10962.jpg,Thiamycin
1546,image_10963.jpeg,Thiamycin
1547,image_10964.jpg,Thiamycin
1548,image_10965.jpg,Thiamycin
1549,image_10966.jpeg,Thiamycin
1550,image_10967.jpg,Thrombophob
1551,image_10968.jpg,Thrombophob
1552,image_10969.jpg,Thrombophob
1553,image_10970.jpg,Thrombophob
1554,image_10971.jpg,Thrombophob
1555,image_10972.jpg,Thrombophob
1556,image_10973.jpg,Thrombophob
1557,image_10974.jpg,Thrombophob
1558,image_10975.jpg,Thrombophob
1559,image_10976.jpg,Thrombophob
1560,image_10977.jpeg,Tramadol
1561,image_10978.jpg,Tramadol
1562,image_10979.jpg,Tramadol
1563,image_10980.jpg,Tramadol
1564,image_10981.jpg,Tramadol
1565,image_10982.jpg,Tramadol
1566,image_10983.png,Tramadol
1567,image_10984.jpg,Tramadol
1568,image_10985.jpg,Tramadol
1569,image_10986.jpg,Tramadol
1570,image_10987.jpg,Tropigesic
1571,image_10988.jpeg,Tropigesic
1572,image_10989.jpg,Tropigesic
1573,image_10990.jpg,Tropigesic
1574,image_10991.jpg,Tropigesic
1575,image_10992.jpg,Tropigesic
1576,image_10993.jpg,Tropigesic
1577,image_10994.jpg,Tropigesic
1578,image_10995.png,Tropigesic
1579,image_10996.png,Tropigesic
1580,image_10997.jpg,Woods Peppermint
1581,image_10998.jpg,Woods Peppermint
1582,image_10999.jpg,Woods Peppermint
1583,image_11000.jpg,Woods Peppermint
1584,image_11001.png,Woods Peppermint
1585,image_11002.png,Woods Peppermint
1586,image_11003.jpg,Woods Peppermint
1587,image_11004.jpg,Woods Peppermint
1588,image_11005.jpg,Woods Peppermint
1589,image_11006.png,Woods Peppermint
1590,image_11007.jpg,Zidovudine
1591,image_11008.png,Zidovudine
1592,image_11009.jpg,Zidovudine
1593,image_11010.jpg,Zidovudine
1594,image_11011.jpg,Zidovudine
1595,image_11012.jpg,Zidovudine
1596,image_11013.jpg,Zidovudine
1597,image_11014.jpg,Zidovudine
1598,image_11015.png,Zidovudine
1599,image_11016.jpg,Zidovudine
