medicine_name,medicine_photo
Panadol Flu & Batuk 3 Strip (10 Kaplet/Strip) - Hemat Borongan,https://d2qjkwm11akmwu.cloudfront.net/products/710319_5-5-2023_18-1-15.webp
OBH Combi Batuk Berdahak Menthol Sirup 100 ml 2 Botol - Hemat Borongan,https://d2qjkwm11akmwu.cloudfront.net/products/129038_22-9-2023_14-3-6.webp
Rhinos SR 10 Kapsul,https://d2qjkwm11akmwu.cloudfront.net/products/324462_16-8-2022_10-39-10-1665787748.webp
Rhinos Junior Sirup 60 ml,https://d2qjkwm11akmwu.cloudfront.net/products/282287_22-9-2021_10-16-32-1665761071.webp
Mucera 30 mg 10 Tablet,https://d2qjkwm11akmwu.cloudfront.net/products/1440-1665760675.webp
Acetylcysteine 200 mg 10 Kapsul,https://d2qjkwm11akmwu.cloudfront.net/products/550777_11-5-2023_16-24-28.webp
Tremenza 10 Tablet,https://d2qjkwm11akmwu.cloudfront.net/products/849685_22-9-2021_10-21-15-1665771380.webp
Paratusin 10 Tablet,https://d2qjkwm11akmwu.cloudfront.net/products/869854_23-8-2022_7-58-32-1665761450.webp
Fluimucil 200 mg 10 Kapsul,https://d2qjkwm11akmwu.cloudfront.net/products/379795_9-1-2023_10-20-11.webp
Sanadryl DMP Sirup 60 ml,https://d2qjkwm11akmwu.cloudfront.net/products/1872-1665761112.webp
Actifed Plus Cough Supressant Sirup 60 ml (Merah),https://d2qjkwm11akmwu.cloudfront.net/products/846513_22-9-2021_10-13-39-1665760948.webp
Rhinos Neo Drops 10 ml,https://d2qjkwm11akmwu.cloudfront.net/products/509118_6-6-2022_14-35-20-1665761071.webp
Mucos Sirup 60 ml,https://d2qjkwm11akmwu.cloudfront.net/products/108995_3-7-2019_16-23-13-1665761069.webp
Actifed Plus Expectorant Sirup 60 ml (Hijau),https://d2qjkwm11akmwu.cloudfront.net/products/828658_2-7-2021_20-11-4-1665760950.webp
Rhinofed 10 Tablet,https://d2qjkwm11akmwu.cloudfront.net/products/822422_29-8-2022_16-1-26-1665884875.webp
Tremenza Sirup 60 ml,https://d2qjkwm11akmwu.cloudfront.net/products/749489_31-3-2019_14-1-8-1665761162.webp
Vectrine 300 mg 10 Kapsul,https://d2qjkwm11akmwu.cloudfront.net/products/606801_4-4-2019_11-58-50-1665787776.webp
Vectrine Dry Sirup 60 ml,https://d2qjkwm11akmwu.cloudfront.net/products/480085_29-3-2019_17-57-40-1665761134.webp
Grantusif 10 Kaplet,https://d2qjkwm11akmwu.cloudfront.net/products/579728_18-8-2022_14-43-18-1665790545.webp
Silex Sirup 100 ml,https://d2qjkwm11akmwu.cloudfront.net/products/581564_27-2-2023_10-27-19.webp
Epexol Sirup 120 ml,https://d2qjkwm11akmwu.cloudfront.net/products/2215-1665761485.webp
Erdostein 300 mg 10 Kapsul,https://d2qjkwm11akmwu.cloudfront.net/products/222602_2-7-2023_20-33-27.webp
Comtusi Sirup 60 ml,https://d2qjkwm11akmwu.cloudfront.net/products/7226-1665776312.webp
OBH Combi Plus Batuk Flu Menthol 100 ml,https://d2qjkwm11akmwu.cloudfront.net/products/247171_19-1-2023_10-49-30.webp
Mucera Sirup 60 ml,https://d2qjkwm11akmwu.cloudfront.net/products/423032_18-2-2019_11-56-58-1665791758.webp
Alpara 10 Kaplet,https://d2qjkwm11akmwu.cloudfront.net/products/737180_22-9-2021_10-30-30-1665778673.webp
Demacolin 10 Tablet,https://d2qjkwm11akmwu.cloudfront.net/products/503254_18-8-2022_14-34-10-1665781328.webp
Fluimucil Dry Syrup 75 ml,https://d2qjkwm11akmwu.cloudfront.net/products/298603_2-1-2023_10-46-45.webp
Obat Batuk Cap Ibu & Anak Sirup 75 ml,https://d2qjkwm11akmwu.cloudfront.net/products/461833_20-2-2023_14-9-20.webp
Epexol 30 mg 10 Tablet,https://d2qjkwm11akmwu.cloudfront.net/products/4811-1665771337.webp
Sistenol (Acetylcysteine) 10 Kaplet,https://d2qjkwm11akmwu.cloudfront.net/products/1967-1665761190.webp
Longatin 50 mg 10 Kapsul,https://d2qjkwm11akmwu.cloudfront.net/products/8924-1665778714.webp
Mucos Drops 20 ml,https://d2qjkwm11akmwu.cloudfront.net/products/564953_3-7-2019_16-21-33-1665761068.webp
Neozep Forte 4 Tablet,https://d2qjkwm11akmwu.cloudfront.net/products/597862_22-9-2021_10-32-54-1665778677.webp
Mucopect 15 mg/5 ml Sirup 60 ml,https://d2qjkwm11akmwu.cloudfront.net/products/598626_3-7-2019_16-15-3-1665760977.webp
Ambroxol 30 mg 10 Tablet,https://d2qjkwm11akmwu.cloudfront.net/products/214788_20-6-2023_15-6-33.webp
Epexol Drops 20 ml,https://d2qjkwm11akmwu.cloudfront.net/products/8491-1665778055.webp
Panadol Cold & Flu 10 Kaplet,https://d2qjkwm11akmwu.cloudfront.net/products/270140_29-8-2022_15-31-59-1665778687.webp
Stinopi 10 Kaplet,https://d2qjkwm11akmwu.cloudfront.net/products/374701_2-11-2022_11-16-5.webp
Alco Plus DMP Sirup 100 ml,https://d2qjkwm11akmwu.cloudfront.net/products/1761-1665760955.webp
Decolgen 4 Tablet,https://d2qjkwm11akmwu.cloudfront.net/products/467867_7-2-2020_16-22-18-1665760963.webp
Sterimar Nose Hygiene and Comfort 50 ml,https://d2qjkwm11akmwu.cloudfront.net/products/325632_24-10-2022_16-20-20.webp
Cessa Baby Happy Nose / Cough And Flu 8 ml,https://d2qjkwm11akmwu.cloudfront.net/products/162746_5-1-2023_13-48-1.webp
Vicks Formula 44 Sirup 54 ml,https://d2qjkwm11akmwu.cloudfront.net/products/538463_25-8-2021_16-49-21-1665780087.webp
Comtusi Forte 10 Kapsul,https://d2qjkwm11akmwu.cloudfront.net/products/880613_6-9-2022_17-16-36-1665775798.webp
Mucera Drops 15 ml,https://d2qjkwm11akmwu.cloudfront.net/products/1444-1665760678.webp
Sanadryl DMP Sirup 120 ml,https://d2qjkwm11akmwu.cloudfront.net/products/832754_22-9-2021_10-18-52-1665761074.webp
Tuzalos 4 Kaplet,https://d2qjkwm11akmwu.cloudfront.net/products/527939_22-9-2021_10-37-9-1665779884.webp
Fluimucil 600 mg 2 Tablet Effervescent,https://d2qjkwm11akmwu.cloudfront.net/products/576839_6-4-2023_16-25-10.webp
Iliadin Dewasa 0.05% Nasal Spray 10 ml,https://d2qjkwm11akmwu.cloudfront.net/products/648286_13-2-2023_11-24-10.webp
Intunal F 10 Tablet,https://d2qjkwm11akmwu.cloudfront.net/products/507603_18-8-2022_14-36-58-1665814569.webp
Sanadryl Expectorant Sirup 60 ml,https://d2qjkwm11akmwu.cloudfront.net/products/1873-1665761113.webp
Avamys Nasal Spray,https://d2qjkwm11akmwu.cloudfront.net/products/399170_29-3-2019_18-2-15-1665761084.webp
Bisolvon Extra Sirup 60 ml,https://d2qjkwm11akmwu.cloudfront.net/products/329457_16-6-2020_10-7-14-1665779176.webp
OBH Nellco Special PE Sirup 100 ml,https://d2qjkwm11akmwu.cloudfront.net/products/668244_18-12-2019_10-46-21-1665809352.webp
Obat Batuk Cap Ibu & Anak Sirup 150 ml,https://d2qjkwm11akmwu.cloudfront.net/products/640889_18-2-2019_11-5-46-1665772205.webp
Cohistan Expectorant Sirup 60 ml,https://d2qjkwm11akmwu.cloudfront.net/products/1783-1665760973.webp
Intunal F 4 Tablet,https://d2qjkwm11akmwu.cloudfront.net/products/415522_18-8-2022_14-41-51-1665780070.webp
Nalgestan 4 Tablet,https://d2qjkwm11akmwu.cloudfront.net/products/8876-1665778676.webp
Siladex Antitussive Sirup 60 ml,https://d2qjkwm11akmwu.cloudfront.net/products/106765_28-8-2019_10-28-58-1665799691.webp
Woods Peppermint Antitussive Sirup 100 ml,https://d2qjkwm11akmwu.cloudfront.net/products/744188_17-7-2023_17-20-56.webp
Bigroot Nose Hygiene Ultra Gentle Baby 50 ml,https://d2qjkwm11akmwu.cloudfront.net/products/90601_1-9-2023_14-15-3.webp
Mucopect 30 mg 10 Tablet,https://d2qjkwm11akmwu.cloudfront.net/products/15240-1665787870.webp
OBH Combi Anak Batuk Plus Flu Strawberry 60 ml,https://d2qjkwm11akmwu.cloudfront.net/products/611866_19-1-2022_12-6-9-1665772302.webp
Paratusin Sirup 60 ml,https://d2qjkwm11akmwu.cloudfront.net/products/1922-1665761153.webp
Ambroxol 30 mg 3 Strip (10 Tablet/Strip) - Hemat Borongan,https://d2qjkwm11akmwu.cloudfront.net/products/583529_24-7-2023_15-21-8.webp
BNS Breathy Nasal Spray 30 ml,https://d2qjkwm11akmwu.cloudfront.net/products/489108_18-2-2019_11-58-51-1665791893.webp
Bisolvon Kids Sirup 60 ml,https://d2qjkwm11akmwu.cloudfront.net/products/178395_16-6-2020_10-11-58-1665779177.webp
Hufagrip Flu & Batuk Sirup 60 ml,https://d2qjkwm11akmwu.cloudfront.net/products/9552-1665780055.webp
Panadol Flu & Batuk 10 Kaplet,https://d2qjkwm11akmwu.cloudfront.net/products/729801_22-11-2021_14-10-58-1665791638.webp
Breathy Nasal Drops 30 ml,https://d2qjkwm11akmwu.cloudfront.net/products/1848-1665761088.webp
Procold Flu 6 Kaplet,https://d2qjkwm11akmwu.cloudfront.net/products/306322_25-8-2022_11-47-49-1665760988.webp
Rhinofed Sirup 60 ml,https://d2qjkwm11akmwu.cloudfront.net/products/478031_6-6-2022_14-32-24-1665761070.webp
Vicks Inhaler,https://d2qjkwm11akmwu.cloudfront.net/products/375695_10-12-2021_16-13-9-1665779634.webp
Vicks Vaporub 10 g,https://d2qjkwm11akmwu.cloudfront.net/products/367833_25-8-2021_17-11-38-1665780088.webp
Bisolvon Solution 50 ml,https://d2qjkwm11akmwu.cloudfront.net/products/462222_16-6-2020_10-13-44-1665779175.webp
Decolsin 4 Kapsul,https://d2qjkwm11akmwu.cloudfront.net/products/753152_18-6-2020_14-29-15-1665778674.webp
Flutamol 10 Kaplet,https://d2qjkwm11akmwu.cloudfront.net/products/144520_6-9-2022_17-48-24-1665778708.webp
Obat Batuk Cap Ibu & Anak Sirup 300 ml,https://d2qjkwm11akmwu.cloudfront.net/products/5339-1665772206.webp
Sanadryl Expectorant Sirup 120 ml,https://d2qjkwm11akmwu.cloudfront.net/products/1831-1665761074.webp
Sterimar Nose Hygiene Baby 50 ml,https://d2qjkwm11akmwu.cloudfront.net/products/667535_8-2-2022_10-43-58-1665777737.webp
Tera F 10 Kaplet,https://d2qjkwm11akmwu.cloudfront.net/products/564156_6-9-2022_16-2-33-1665794283.webp
Woods Peppermint Expectorant Sirup 100 ml,https://d2qjkwm11akmwu.cloudfront.net/products/856857_1-4-2023_4-17-39.webp
Decolgen Fx 10 Tablet,https://d2qjkwm11akmwu.cloudfront.net/products/9180_27-11-2018_17-34-32-1665884752.webp
Dicom 30/2.5 mg 10 Tablet,https://d2qjkwm11akmwu.cloudfront.net/products/23831_27-7-2020_0-30-3-1665814616.webp
Flucadex 10 Kaplet,https://d2qjkwm11akmwu.cloudfront.net/products/547405_31-8-2022_11-49-4-1665775972.webp
Fluimucil Granul 200 mg,https://d2qjkwm11akmwu.cloudfront.net/products/280149_7-11-2019_10-46-20-1665760994.webp
Mucovy 100 ml,https://d2qjkwm11akmwu.cloudfront.net/products/306127_26-9-2019_10-41-47-1665805587.webp
OBH Combi Anak Batuk Plus Flu Madu 60 ml,https://d2qjkwm11akmwu.cloudfront.net/products/617749_12-5-2019_21-54-17-1665798768.webp
OBH Combi Batuk Berdahak Menthol Sirup 100 ml,https://d2qjkwm11akmwu.cloudfront.net/products/258521_11-11-2020_16-47-25-1665779553.webp
OBH Nellco Batuk Berdahak 100 ml,https://d2qjkwm11akmwu.cloudfront.net/products/230652_27-6-2022_13-35-55-1665840113.webp
Stop Cold 4 Tablet,https://d2qjkwm11akmwu.cloudfront.net/products/405425_18-6-2020_13-46-56-1665761186.webp
Triaminic Ekspektoran & Pilek Sirup 60 ml,https://d2qjkwm11akmwu.cloudfront.net/products/440779_2-7-2021_20-11-55-1665761081.webp
Vaporin Inhalasi Liquid 10 Kapsul,https://d2qjkwm11akmwu.cloudfront.net/products/9713-1665780170.webp
Vicks Formula 44 Anak Sirup 27 ml,https://d2qjkwm11akmwu.cloudfront.net/products/424035_25-8-2021_16-47-18-1665777241.webp
Acetylcysteine 200 mg 3 Strip (10 Kapsul/Strip) - Hemat Borongan,https://d2qjkwm11akmwu.cloudfront.net/products/628600_5-5-2023_16-58-40.webp
Actifed Sirup 60 ml (Kuning),https://d2qjkwm11akmwu.cloudfront.net/products/6162-1665774525.webp
Fluimucil 600 mg 3 Strip (2 Tablet Effervescent/Strip) - Hemat Borongan,https://d2qjkwm11akmwu.cloudfront.net/products/609779_18-8-2023_15-11-0.webp
Levosif Sirup 100 ml,https://d2qjkwm11akmwu.cloudfront.net/products/838738_2-10-2020_17-15-16-1665814556.webp
OB Combi Antitussive Rasa Menthol 60 ml,https://d2qjkwm11akmwu.cloudfront.net/products/861046_19-6-2022_23-28-32-1665852180.webp
Vicks Formula 44 Sirup 100 ml,https://d2qjkwm11akmwu.cloudfront.net/products/833921_21-4-2019_11-46-43-1665780088.webp
Actifed Plus Expectorant Sirup 60 ml 2 Botol - Hemat Borongan,https://d2qjkwm11akmwu.cloudfront.net/products/227913_24-7-2023_11-4-2.webp
Alco Drops 15 ml,https://d2qjkwm11akmwu.cloudfront.net/products/92921_18-2-2019_10-54-8-1665760935.webp
Betadine Cold Defence Nasal Spray 20 ml,https://d2qjkwm11akmwu.cloudfront.net/products/823289_21-2-2022_14-57-41-1665815219.webp
Bodrex Flu Dan Batuk Berdahak Pe 4 Kaplet,https://d2qjkwm11akmwu.cloudfront.net/products/9172-1665779179.webp
Bodrex Flu Dan Batuk Tidak Berdahak Pe 4 Kaplet,https://d2qjkwm11akmwu.cloudfront.net/products/9173-1665884751.webp
Comtusi Rasa Strawberry Syrup 60 ml,https://d2qjkwm11akmwu.cloudfront.net/products/21062_16-6-2019_23-27-50-1665788712.webp
Comtusi Sirup 100 ml,https://d2qjkwm11akmwu.cloudfront.net/products/7225-1665776312.webp
Crofed 10 Tablet,https://d2qjkwm11akmwu.cloudfront.net/products/480998_14-9-2022_10-57-50-1665769309.webp
Fluimucil Pediatric Granul 10 Sachet - Hemat Borongan,https://d2qjkwm11akmwu.cloudfront.net/products/307973_18-8-2023_16-34-0.webp
Freshcare Roll On Minyak Angin Strong (Hot) 10 ml,https://d2qjkwm11akmwu.cloudfront.net/products/351075_7-4-2021_10-6-33-1665780346.webp
Grantusif 3 Strip (10 Kaplet/Strip) - Hemat Borongan,https://d2qjkwm11akmwu.cloudfront.net/products/499588_18-8-2023_14-51-25.webp
Guaifenesin / Glyceryl Guaiacolate (GG) 100 mg 10 Tablet,https://d2qjkwm11akmwu.cloudfront.net/products/806352_26-9-2022_9-52-38-1665787064.webp
Hufagrip BP Sirup 60 ml,https://d2qjkwm11akmwu.cloudfront.net/products/9554-1665780056.webp
Imboost Force Cough Kids Syrup 60 ml,https://d2qjkwm11akmwu.cloudfront.net/products/408972_15-8-2023_14-41-2.webp
Mixagrip Flu Dan Batuk 4 Kaplet,https://d2qjkwm11akmwu.cloudfront.net/products/9967-1665780351.webp
Molexflu 10 Kaplet,https://d2qjkwm11akmwu.cloudfront.net/products/2121-1665761353.webp
Mucohexin Sirup 120 ml,https://d2qjkwm11akmwu.cloudfront.net/products/485869_8-4-2019_17-2-25-1665761350.webp
Nasonex Nasal Spray 60 Dosis,https://d2qjkwm11akmwu.cloudfront.net/products/85518_19-3-2019_14-49-1-1665770677.webp
OBH Combi Plus Batuk Flu Menthol 60 ml,https://d2qjkwm11akmwu.cloudfront.net/products/48241_19-1-2023_10-55-35.webp
OBH Nellco Special PE Sirup 100 ml 2 Botol - Hemat Borongan,https://d2qjkwm11akmwu.cloudfront.net/products/787666_4-9-2023_11-24-58.webp
OBH Surya Itrasal 100 ml,https://d2qjkwm11akmwu.cloudfront.net/products/17830-1665790795.webp
Plossa Inhaler & Roll On Citrus With Herbal 10 ml,https://d2qjkwm11akmwu.cloudfront.net/products/394651_11-1-2023_13-17-13.webp
Plossa Inhaler & Roll On Eucalyptus 8 ml,https://d2qjkwm11akmwu.cloudfront.net/products/194815_18-4-2023_14-12-21.webp
Promedex 10 Tablet,https://d2qjkwm11akmwu.cloudfront.net/products/502229_6-9-2022_16-20-28-1665798773.webp
Siladex Cough & Cold 100 ml,https://d2qjkwm11akmwu.cloudfront.net/products/489070_1-3-2022_14-36-53-1665798786.webp
Triaminic Batuk Pilek 60 ml,https://d2qjkwm11akmwu.cloudfront.net/products/877373_22-4-2022_11-31-17-1665761080.webp
Vicks Vaporub 25 g,https://d2qjkwm11akmwu.cloudfront.net/products/774577_12-11-2021_12-33-45-1665780317.webp
Woods Peppermint Expectorant Sirup 100 ml 2 Botol - Hemat Borongan,https://d2qjkwm11akmwu.cloudfront.net/products/182809_5-5-2023_18-3-37.webp
Bigroot Nose Hygiene Stuff Relief 50 ml,https://d2qjkwm11akmwu.cloudfront.net/products/775088_1-9-2023_14-12-16.webp
Bisolvon 8 mg 10 Tablet,https://d2qjkwm11akmwu.cloudfront.net/products/855591_16-6-2020_9-59-58-1665779307.webp
Bisolvon Extra Sirup 125 ml,https://d2qjkwm11akmwu.cloudfront.net/products/695223_16-6-2020_10-9-41-1665779308.webp
Calortusin 10 Kaplet,https://d2qjkwm11akmwu.cloudfront.net/products/17383-1665790434.webp
Cohistan Expectorant Sirup 100 ml,https://d2qjkwm11akmwu.cloudfront.net/products/1770-1665760963.webp
Decadryl Ekspektoran Sirup 120 ml,https://d2qjkwm11akmwu.cloudfront.net/products/5495-1665772617.webp
Freshcare Roll On Minyak Angin Citrus 10 ml,https://d2qjkwm11akmwu.cloudfront.net/products/596361_6-4-2021_17-41-21-1665780343.webp
Hufagrip Forte 10 Kaplet,https://d2qjkwm11akmwu.cloudfront.net/products/610746_28-3-2019_13-37-5-1665791226.webp
Hufagrip Pilek Sirup 60 ml,https://d2qjkwm11akmwu.cloudfront.net/products/9551-1665780054.webp
Itrabat Sirup 100 ml,https://d2qjkwm11akmwu.cloudfront.net/products/9546-1665780050.webp
Komix OBH Sachet 7 ml,https://d2qjkwm11akmwu.cloudfront.net/products/366808_5-11-2019_17-57-7-1665785037.webp
Konidin 4 Tablet,https://d2qjkwm11akmwu.cloudfront.net/products/643161_5-8-2021_15-19-15-1665780173.webp
Laserin Sirup 110 ml,https://d2qjkwm11akmwu.cloudfront.net/products/662126_24-8-2020_14-48-5-1665780046.webp
N-Ace 200 mg 10 Kapsul,https://d2qjkwm11akmwu.cloudfront.net/products/92415_6-9-2022_16-5-26-1665795393.webp
No Cough Obat Batuk Herbal 120 ml,https://d2qjkwm11akmwu.cloudfront.net/products/481134_28-7-2020_10-47-33-1665821304.webp
OB Combi Batuk Pilek 60 ml,https://d2qjkwm11akmwu.cloudfront.net/products/841282_16-8-2019_18-2-24-1665805000.webp
OB Herbal 60 ml,https://d2qjkwm11akmwu.cloudfront.net/products/11524-1665782168.webp
OBH Combi Anak Batuk Plus Flu Jeruk 60 ml,https://d2qjkwm11akmwu.cloudfront.net/products/5389-1665772301.webp
Obat Batuk Cap Ibu & Anak Sirup 150 ml 2 Botol - Hemat Borongan,https://d2qjkwm11akmwu.cloudfront.net/products/367654_5-5-2023_17-54-11.webp
Paramex Flu & Batuk PE 4 Tablet,https://d2qjkwm11akmwu.cloudfront.net/products/421685_13-7-2022_11-34-10-1665851421.webp
Procold Flu Dan Batuk 6 Kaplet,https://d2qjkwm11akmwu.cloudfront.net/products/9922-1665780319.webp
Promedex Sirup 60 ml,https://d2qjkwm11akmwu.cloudfront.net/products/8743_18-2-2019_10-56-29-1665761218.webp
Siladex Mucolytic & Expectorant Sirup 60 ml,https://d2qjkwm11akmwu.cloudfront.net/products/500304_5-8-2021_15-16-20-1665780039.webp
Silex Sirup 100 ml 2 Botol - Hemat Borongan,https://d2qjkwm11akmwu.cloudfront.net/products/874706_5-5-2023_17-58-47.webp
Tolak Angin Flu 12 Sachet,https://d2qjkwm11akmwu.cloudfront.net/products/18556-1665791551.webp
Ultraflu 4 Tablet,https://d2qjkwm11akmwu.cloudfront.net/products/9491-1665779893.webp
Vestein 175 mg/5 ml Dry Syrup 60 ml,https://d2qjkwm11akmwu.cloudfront.net/products/307294_23-6-2019_23-11-43-1665791772.webp
Vicks Formula 44 Anak Sirup 54 ml 2 Botol - Hemat Borongan,https://d2qjkwm11akmwu.cloudfront.net/products/82230_21-8-2023_10-35-18.webp
Vicks Formula 44 Sirup 54 ml 2 Botol - Hemat Borongan,https://d2qjkwm11akmwu.cloudfront.net/products/611832_24-7-2023_10-56-31.webp
Vicks Formula Jahe Madu 105 ml,https://d2qjkwm11akmwu.cloudfront.net/products/439298_7-8-2022_23-47-22-1665858130.webp
Vicks Inhaler Twin,https://d2qjkwm11akmwu.cloudfront.net/products/395505_26-1-2023_17-37-0.webp
Woods Peppermint Antitussive Sirup 60 ml,https://d2qjkwm11akmwu.cloudfront.net/products/875184_1-4-2023_4-19-45.webp
Woods Peppermint Expectorant Sirup 60 ml,https://d2qjkwm11akmwu.cloudfront.net/products/700556_1-4-2023_4-20-54.webp
Zam Buk Ointment 8 g,https://d2qjkwm11akmwu.cloudfront.net/products/698417_22-4-2021_10-52-23-1665822479.webp
Acetin 600 mg 10 Tablet Effervescent,https://d2qjkwm11akmwu.cloudfront.net/products/13965-1665785947.webp
Anadex 10 Kaplet,https://d2qjkwm11akmwu.cloudfront.net/products/733259_22-3-2020_19-27-26-1665802563.webp
Benadryl Batuk Berdahak Sirup 50 ml,https://d2qjkwm11akmwu.cloudfront.net/products/48504_1-9-2022_17-30-21-1665790987.webp
Bodrex Batuk Double Action 60 ml,https://d2qjkwm11akmwu.cloudfront.net/products/594163_21-1-2023_15-26-28.webp
Bodrex Flu Dan Batuk Berdahak Pe Sirup 60 ml,https://d2qjkwm11akmwu.cloudfront.net/products/9188-1665779370.webp
Decolsin Sirup 60 ml,https://d2qjkwm11akmwu.cloudfront.net/products/1806-1665760990.webp
Disudrin-Ped Oral Drops 10 ml,https://d2qjkwm11akmwu.cloudfront.net/products/463323_23-3-2022_11-1-9-1665771338.webp
Harvest Cough Mixture 150 ml,https://d2qjkwm11akmwu.cloudfront.net/products/663068_17-11-2019_20-25-2-1665800394.webp
Herbakof Sirup 100 ml,https://d2qjkwm11akmwu.cloudfront.net/products/13094-1665784761.webp
Iliadin Anak 0.025% Nasal Drops 10 ml,https://d2qjkwm11akmwu.cloudfront.net/products/2155-1665761407.webp
Intunal 4 Kaplet,https://d2qjkwm11akmwu.cloudfront.net/products/9575-1665780073.webp
Inza 4 Tablet,https://d2qjkwm11akmwu.cloudfront.net/products/9579-1665780075.webp
Komix Herbal 15 ml 4 Botol,https://d2qjkwm11akmwu.cloudfront.net/products/391034_6-4-2023_14-51-22.webp
Lacoldin 10 Tablet,https://d2qjkwm11akmwu.cloudfront.net/products/710086_19-12-2022_15-8-35.webp
Lapifed DM Sirup 100 ml,https://d2qjkwm11akmwu.cloudfront.net/products/78194_18-2-2019_10-56-53-1665761389.webp
Lapifed Expectorant Sirup 60 ml,https://d2qjkwm11akmwu.cloudfront.net/products/2143-1665761390.webp
Lapisiv-T 10 Tablet,https://d2qjkwm11akmwu.cloudfront.net/products/8931-1665778779.webp
Lodecon Forte 10 Kaplet,https://d2qjkwm11akmwu.cloudfront.net/products/8915-1665778707.webp
Mextril 4 Tablet,https://d2qjkwm11akmwu.cloudfront.net/products/714896_30-6-2019_21-39-6-1665778838.webp
Mixagrip Flu 4 Kaplet,https://d2qjkwm11akmwu.cloudfront.net/products/9966-1665780350.webp
Modexa 0.05% Nasal Spray 60 Dosis,https://d2qjkwm11akmwu.cloudfront.net/products/791462_26-7-2020_23-48-58-1665814544.webp
Nipe Drops 15 ml,https://d2qjkwm11akmwu.cloudfront.net/products/185867_29-9-2023_15-4-31.webp
Noza 4 Kaplet,https://d2qjkwm11akmwu.cloudfront.net/products/11499-1665782091.webp
OB Herbal 100 ml,https://d2qjkwm11akmwu.cloudfront.net/products/17811-1665790782.webp
OB Herbal Junior 30 ml,https://d2qjkwm11akmwu.cloudfront.net/products/492196_18-1-2023_10-53-28.webp
OB Herbal Junior Sirup 60 ml,https://d2qjkwm11akmwu.cloudfront.net/products/789578_26-8-2021_8-17-25-1665787491.webp
OBH Combi Batuk Berdahak Jahe Sirup 100 ml,https://d2qjkwm11akmwu.cloudfront.net/products/5373-1665772229.webp
OBH Combi Batuk Berdahak Menthol Sirup Sachet 7.5 ml,https://d2qjkwm11akmwu.cloudfront.net/products/782924_14-10-2020_13-27-30-1665823295.webp
OBH Combi Batuk Plus Flu Jahe 60 ml,https://d2qjkwm11akmwu.cloudfront.net/products/233175_5-3-2019_13-48-8-1665772298.webp
OBH Combi Herbal Sirup 60 ml,https://d2qjkwm11akmwu.cloudfront.net/products/841594_26-3-2023_23-11-8.webp
OBH Combi Plus Batuk Flu Madu Sirup 100 ml,https://d2qjkwm11akmwu.cloudfront.net/products/588560_12-5-2019_22-3-3-1665796826.webp
OBH Ika 200 ml,https://d2qjkwm11akmwu.cloudfront.net/products/11528-1665782172.webp
OBH Nellco Special PE Sirup 55 ml,https://d2qjkwm11akmwu.cloudfront.net/products/165526_5-10-2020_17-51-30-1665822889.webp
Oksovell Sirup 60 ml,https://d2qjkwm11akmwu.cloudfront.net/products/254637_15-10-2021_13-58-18-1665842439.webp
Oxoril Rasa Strawberry Sirup 60 ml,https://d2qjkwm11akmwu.cloudfront.net/products/548707_4-1-2023_13-18-29.webp
Paramex Flu & Batuk 4 Tablet,https://d2qjkwm11akmwu.cloudfront.net/products/9963-1665780348.webp
Pim-Tra-Kol Kids Sirup Strawberry 60 ml,https://d2qjkwm11akmwu.cloudfront.net/products/877935_5-12-2021_23-12-18-1665840521.webp
Prome Sirup 100 ml,https://d2qjkwm11akmwu.cloudfront.net/products/803021_20-6-2019_9-57-50-1665779458.webp
Siladex Antitussive Sirup 100 ml,https://d2qjkwm11akmwu.cloudfront.net/products/389442_6-11-2019_10-7-0-1665801818.webp
Siladex Cough Herbal Sirup 60 ml,https://d2qjkwm11akmwu.cloudfront.net/products/754954_20-7-2022_13-43-49-1665856729.webp
Siladex Flu 60 ml,https://d2qjkwm11akmwu.cloudfront.net/products/854988_3-6-2022_10-47-53-1665845680.webp
Sterimar Blocked Nose Hypertonic 100 ml,https://d2qjkwm11akmwu.cloudfront.net/products/451159_20-12-2021_11-36-18-1665884910.webp
Sterimar Nose Prone To Cold 50 ml,https://d2qjkwm11akmwu.cloudfront.net/products/437268_20-12-2021_11-34-9-1665836392.webp
Tolak Angin Flu 5 Sachet,https://d2qjkwm11akmwu.cloudfront.net/products/124581_5-7-2021_16-8-50-1665805732.webp
Transpulmin Sirup 100 ml,https://d2qjkwm11akmwu.cloudfront.net/products/1837-1665761080.webp
Triaminic Pilek Sirup 60 ml,https://d2qjkwm11akmwu.cloudfront.net/products/1883_26-10-2018_11-46-2-1665761120.webp
Vestein 300 mg 10 Kapsul,https://d2qjkwm11akmwu.cloudfront.net/products/791104_11-7-2019_11-14-34-1665761128.webp
Vicks Formula 44 Anak Sirup 54 ml,https://d2qjkwm11akmwu.cloudfront.net/products/239792_25-8-2021_17-10-19-1665780086.webp
Vicks Vaporub 50 g,https://d2qjkwm11akmwu.cloudfront.net/products/391590_5-7-2021_10-16-3-1665779634.webp
Vostrin Dry Sirup 60 ml,https://d2qjkwm11akmwu.cloudfront.net/products/1892-1665761127.webp
Acetin 200 mg 10 Kapsul,https://d2qjkwm11akmwu.cloudfront.net/products/14832_23-5-2023_17-0-49.webp
Al Afiat Gurah Mint 60 ml,https://d2qjkwm11akmwu.cloudfront.net/products/15140_5-12-2021_23-13-10-1665840526.webp
Alco Plus Sirup 100 ml,https://d2qjkwm11akmwu.cloudfront.net/products/616788_18-2-2019_10-54-35-1665760955.webp
Allerin Ekspectorant Sirup 60 ml,https://d2qjkwm11akmwu.cloudfront.net/products/14126-1665786495.webp
Allerin Ekspektoran Sirup 120 ml,https://d2qjkwm11akmwu.cloudfront.net/products/342854_29-3-2019_10-46-27-1665770611.webp
Anacetine Sirup 60 ml,https://d2qjkwm11akmwu.cloudfront.net/products/9458-1665779868.webp
Anadex Sirup 60 ml,https://d2qjkwm11akmwu.cloudfront.net/products/1766-1665760959.webp
Anakonidin Mucolytic & Expectorant 60 ml,https://d2qjkwm11akmwu.cloudfront.net/products/345994_11-12-2019_19-19-57-1665805549.webp
Anakonidin OBH Sirup 30 ml,https://d2qjkwm11akmwu.cloudfront.net/products/14208-1665786668.webp
Anakonidin OBH Sirup 60 ml,https://d2qjkwm11akmwu.cloudfront.net/products/9243-1665779469.webp
Anakonidin Sirup 60 ml,https://d2qjkwm11akmwu.cloudfront.net/products/9242-1665779468.webp
Anaton 10 Kaplet,https://d2qjkwm11akmwu.cloudfront.net/products/146600_10-1-2020_14-50-22-1665799585.webp
Aqua Maris Baby Nasal Drop 15 ml,https://d2qjkwm11akmwu.cloudfront.net/products/10568-1665781056.webp
Aqua Maris Baby Nasal Spray 50 ml,https://d2qjkwm11akmwu.cloudfront.net/products/414442_7-8-2022_23-40-6-1665857522.webp
Baby Safe Nasal Aspirator Nas01,https://d2qjkwm11akmwu.cloudfront.net/products/897229_19-2-2021_10-27-49-1665827742.webp
Benadryl Original Sirup 50 ml,https://d2qjkwm11akmwu.cloudfront.net/products/769351_25-2-2020_16-10-4-1665799577.webp
Bigroot Nose Hygiene Ultra Gentle Baby 50 ml 2 Botol - Hemat Borongan,https://d2qjkwm11akmwu.cloudfront.net/products/363735_5-5-2023_17-45-23.webp
Bisolvon 8 mg 3 Strip (10 Tablet/Strip) - Hemat Borongan,https://d2qjkwm11akmwu.cloudfront.net/products/630832_8-5-2023_15-17-16.webp
Blood Kneeheat Sachet,https://d2qjkwm11akmwu.cloudfront.net/products/888397_25-1-2023_17-33-25.webp
Bodrex Flu 4 Kaplet,https://d2qjkwm11akmwu.cloudfront.net/products/578405_8-1-2023_23-41-3.webp
Bodrex Flu Dan Batuk Tidak Berdahak Pe Sirup 60 ml,https://d2qjkwm11akmwu.cloudfront.net/products/66c734f1-724c-4a56-afd9-891c12129165_product_image_url.webp
Bodrexin Flu Dan Batuk PE Sirup 56 ml,https://d2qjkwm11akmwu.cloudfront.net/products/562278_11-11-2022_14-25-12.webp
Bodrexin Flu Dan Batuk Tidak Berdahak Pe Sirup 56 ml,https://d2qjkwm11akmwu.cloudfront.net/products/752133_28-8-2019_10-32-35-1665801305.webp
Bodrexin Flu Dan Pilek PE Sirup 56 ml,https://d2qjkwm11akmwu.cloudfront.net/products/566171_14-11-2022_12-31-2.webp
Bodrexin Herbal Batuk Sachet 7.5 ml,https://d2qjkwm11akmwu.cloudfront.net/products/338721_3-12-2019_22-38-55-1665801859.webp
Brochifar Plus 10 Kaplet,https://d2qjkwm11akmwu.cloudfront.net/products/17281-1665790303.webp
Bromhexine HCl 8 mg 10 Tablet,https://d2qjkwm11akmwu.cloudfront.net/products/809400_31-3-2020_17-37-45-1665793416.webp
Bronex 8 mg 10 Tablet,https://d2qjkwm11akmwu.cloudfront.net/products/150028_15-8-2022_10-53-24-1665795875.webp
Coparcetin 10 Tablet,https://d2qjkwm11akmwu.cloudfront.net/products/589609_29-10-2019_13-47-33-1665793708.webp
Coparcetin Kid Cough 60 ml,https://d2qjkwm11akmwu.cloudfront.net/products/348830_3-12-2019_22-32-40-1665799725.webp
Coredryl Ekspektoran Sirup 100 ml,https://d2qjkwm11akmwu.cloudfront.net/products/1887-1665761124.webp
Decadryl Ekspektoran Sirup 60 ml,https://d2qjkwm11akmwu.cloudfront.net/products/5496-1665772618.webp
Demacolin Sirup 60 ml,https://d2qjkwm11akmwu.cloudfront.net/products/10793-1665781328.webp
Devosix 7.5 mg Drops 15 ml,https://d2qjkwm11akmwu.cloudfront.net/products/376826_30-7-2021_23-22-59-1665794056.webp
Edorisan Oral Drop 15 ml,https://d2qjkwm11akmwu.cloudfront.net/products/19052-1665791911.webp
Epexol 30 mg 3 Strip (10 Tablet/Strip) - Hemat Borongan,https://d2qjkwm11akmwu.cloudfront.net/products/687307_24-7-2023_14-10-46.webp
Epexol Forte Sirup 60 ml,https://d2qjkwm11akmwu.cloudfront.net/products/10900-1665781403.webp
Erdostein 300 mg 2 Strip (10 Kapsul/Strip) - Hemat Borongan,https://d2qjkwm11akmwu.cloudfront.net/products/766837_24-7-2023_15-25-45.webp
Erdosteine Dry Sirup 60 ml,https://d2qjkwm11akmwu.cloudfront.net/products/774028_6-3-2019_13-33-49-1665790348.webp
Flu - Tab 8 Tablet,https://d2qjkwm11akmwu.cloudfront.net/products/675167_27-7-2020_17-46-31-1665814593.webp
Flucadex PE Flu & Batuk Tidak Berdahak Sirup 60 ml,https://d2qjkwm11akmwu.cloudfront.net/products/154495_20-9-2023_14-14-35.webp
Flucadex Sirup 60 ml,https://d2qjkwm11akmwu.cloudfront.net/products/17435-1665790526.webp
Fluimucil Dry Syrup 75 ml 2 Botol - Hemat Borongan,https://d2qjkwm11akmwu.cloudfront.net/products/252754_18-8-2023_15-0-37.webp
Fluimucil Inhalasi 100 mg,https://d2qjkwm11akmwu.cloudfront.net/products/739314_5-5-2023_14-38-51.webp
Fluimucil Pediatric Granul,https://d2qjkwm11akmwu.cloudfront.net/products/525542_30-12-2022_11-20-1.webp
Flumin 10 Kaplet,https://d2qjkwm11akmwu.cloudfront.net/products/702868_5-3-2019_14-45-6-1665790528.webp
Flutamol-P 10 Kapsul,https://d2qjkwm11akmwu.cloudfront.net/products/578639_24-4-2020_3-55-19-1665778818.webp
Flutop C Sirup 60 ml,https://d2qjkwm11akmwu.cloudfront.net/products/17440_28-1-2019_11-1-59-1665790529.webp
Flutrop Sirup 60 ml,https://d2qjkwm11akmwu.cloudfront.net/products/697373_11-12-2019_18-26-7-1665793765.webp
Freshcare Mix Citrus Inhaler + Roll On,https://d2qjkwm11akmwu.cloudfront.net/products/91090_25-8-2021_17-2-34-1665790909.webp
Freshcare Roll On Minyak Angin Lavender 10 ml,https://d2qjkwm11akmwu.cloudfront.net/products/1055_6-4-2021_17-56-29-1665780344.webp
Freshcare Roll On Minyak Angin Splash Fruity 10 ml,https://d2qjkwm11akmwu.cloudfront.net/products/416927_25-8-2021_16-52-41-1665780347.webp
Freshcare Roll On Minyak Angin Sport 10 ml,https://d2qjkwm11akmwu.cloudfront.net/products/18031-1665791001.webp
Freshcare Roll On Minyak Angin Strong (Hot) 10 ml 3 Botol - Hemat Borongan,https://d2qjkwm11akmwu.cloudfront.net/products/600131_4-5-2023_16-35-1.webp
Grantusif Herbal Cough Syrup 60 ml,https://d2qjkwm11akmwu.cloudfront.net/products/412128_20-9-2023_14-12-59.webp
Graxine 10 Tablet,https://d2qjkwm11akmwu.cloudfront.net/products/428756_5-12-2019_9-36-40-1665793761.webp
Hecosan Kids Herbal Cough Syrup 60 ml,https://d2qjkwm11akmwu.cloudfront.net/products/366921_27-2-2021_23-37-28-1665823026.webp
Herbakof Kids Sirup Rasa Jeruk 60 ml,https://d2qjkwm11akmwu.cloudfront.net/products/777633_27-8-2019_13-10-52-1665804237.webp
Herbakof Sirup 60 ml,https://d2qjkwm11akmwu.cloudfront.net/products/9992-1665780370.webp
Holicos 15 mg/5 ml Sirup 60 ml,https://d2qjkwm11akmwu.cloudfront.net/products/366891_11-6-2023_22-44-17.webp
Ifarsyl 10 Kaplet,https://d2qjkwm11akmwu.cloudfront.net/products/629847_30-7-2021_23-27-21-1665795880.webp
Ikadryl Rasa Apel Sirup 100 ml,https://d2qjkwm11akmwu.cloudfront.net/products/1776-1665760967.webp
Iliadin Dewasa 0.05% Nasal Spray 10 ml 2 Botol - Hemat Borongan,https://d2qjkwm11akmwu.cloudfront.net/products/334110_5-5-2023_19-4-39.webp
Intunal Sirup 60 ml,https://d2qjkwm11akmwu.cloudfront.net/products/9576-1665780073.webp
Komix Herbal Lemon Sirup 15 ml 4 Botol,https://d2qjkwm11akmwu.cloudfront.net/products/759818_16-9-2022_21-59-54-1665785035.webp
Komix Herbal Original 15 ml 6 Sachet,https://d2qjkwm11akmwu.cloudfront.net/products/828413_15-9-2022_7-2-17-1665803033.webp
Komix Herbal Rasa Jeruk Nipis 15 ml 6 Sachet,https://d2qjkwm11akmwu.cloudfront.net/products/307742_14-10-2020_11-2-51-1665821161.webp
Komix Rasa Jahe Sachet 7 ml,https://d2qjkwm11akmwu.cloudfront.net/products/13238-1665785038.webp
Komix Rasa Jeruk Nipis Sachet 7 ml,https://d2qjkwm11akmwu.cloudfront.net/products/9797-1665780230.webp
Komix Rasa Peppermint 7 ml,https://d2qjkwm11akmwu.cloudfront.net/products/13239-1665785038.webp
Konidin OBH Sachet 7 ml,https://d2qjkwm11akmwu.cloudfront.net/products/13300-1665785081.webp
L-Acys 600 mg 2 Tablet Effervescent,https://d2qjkwm11akmwu.cloudfront.net/products/374309_27-6-2022_16-26-57-1665829745.webp
Lanos Drops 15 ml,https://d2qjkwm11akmwu.cloudfront.net/products/570171_19-6-2022_23-44-11-1665854557.webp
Lanos Plus Sirup 60 ml,https://d2qjkwm11akmwu.cloudfront.net/products/228968_19-6-2022_23-37-2-1665854556.webp
Lapifed Sirup 60 ml,https://d2qjkwm11akmwu.cloudfront.net/products/273617_18-11-2019_23-9-49-1665800691.webp
Lapisiv Sirup 100 ml,https://d2qjkwm11akmwu.cloudfront.net/products/2140-1665761386.webp
Laserin Madu Sirup 100 ml,https://d2qjkwm11akmwu.cloudfront.net/products/641909_3-9-2020_13-18-4-1665789175.webp
Laserin Madu Sirup 60 ml,https://d2qjkwm11akmwu.cloudfront.net/products/816622_3-11-2020_10-24-7-1665789177.webp
Laserin Sirup 110 ml 2 Botol - Hemat Borongan,https://d2qjkwm11akmwu.cloudfront.net/products/699804_24-7-2023_10-20-24.webp
Longatin 25 mg 4 Kapsul,https://d2qjkwm11akmwu.cloudfront.net/products/18585-1665791570.webp
Marimer Hypertonic Nasal Spray 100 ml,https://d2qjkwm11akmwu.cloudfront.net/products/182910_19-2-2021_11-9-58-1665830199.webp
Marimer Isotonic Nasal Spray 100 ml,https://d2qjkwm11akmwu.cloudfront.net/products/112035_8-1-2020_10-42-16-1665811230.webp
Memucil 600 mg 2 Tablet Effervescent,https://d2qjkwm11akmwu.cloudfront.net/products/69718_31-7-2021_0-42-30-1665839835.webp
Mercotin Drops 20 ml,https://d2qjkwm11akmwu.cloudfront.net/products/2127-1665761366.webp
Minyak Angin Cap Kapak 14 ml,https://d2qjkwm11akmwu.cloudfront.net/products/14935-1665787412.webp
Minyak Angin Cap Kapak 28 ml,https://d2qjkwm11akmwu.cloudfront.net/products/14936-1665787413.webp
Minyak Angin Cap Kapak 56 ml,https://d2qjkwm11akmwu.cloudfront.net/products/14939-1665787417.webp
Modexa 0.05% Nasal Spray 140 Dosis,https://d2qjkwm11akmwu.cloudfront.net/products/585667_1-4-2021_16-34-44-1665833160.webp
Molexflu PE 10 Kaplet,https://d2qjkwm11akmwu.cloudfront.net/products/778825_11-11-2022_14-29-58.webp
Mucera 30 mg 2 Strip (10 Tablet/Strip) - Hemat Borongan,https://d2qjkwm11akmwu.cloudfront.net/products/530623_24-7-2023_11-27-7.webp
Mucera Forte Sirup 60 ml,https://d2qjkwm11akmwu.cloudfront.net/products/1443-1665760677.webp
Mucohexin 8 mg 4 Tablet,https://d2qjkwm11akmwu.cloudfront.net/products/8923-1665778713.webp
Mucos 30 mg 10 Tablet,https://d2qjkwm11akmwu.cloudfront.net/products/1790-1665760978.webp
Nasalin Daily Nasal Hygiene Microdiffusion Spray 100 ml,https://d2qjkwm11akmwu.cloudfront.net/products/836400_30-10-2019_16-28-8-1665884873.webp
Nasonex Nasal Spray 140 Dosis,https://d2qjkwm11akmwu.cloudfront.net/products/2116-1665761341.webp
Nipe Expectorant Kids 60 ml,https://d2qjkwm11akmwu.cloudfront.net/products/340203_21-1-2022_10-48-30-1665843217.webp
Nodrof PE 10 Kaplet,https://d2qjkwm11akmwu.cloudfront.net/products/897534_8-8-2022_10-18-41-1665843265.webp
Nosfocin Sirup 120 ml,https://d2qjkwm11akmwu.cloudfront.net/products/765616_11-1-2020_21-2-9-1665799718.webp
Nytex 200 mg 10 Kapsul,https://d2qjkwm11akmwu.cloudfront.net/products/761177_11-4-2023_15-58-23.webp
OB Herbal 100 ml 2 Botol - Hemat Borongan,https://d2qjkwm11akmwu.cloudfront.net/products/754634_30-5-2023_11-30-58.webp
OB Herbal 30 ml,https://d2qjkwm11akmwu.cloudfront.net/products/222656_7-11-2021_22-25-49-1665841052.webp
OB Herbal Habbatussauda 60 ml,https://d2qjkwm11akmwu.cloudfront.net/products/744724_11-11-2022_16-25-2.webp
OBH Combi Anak Batuk Plus Flu Apel 60 ml,https://d2qjkwm11akmwu.cloudfront.net/products/5388-1665772300.webp
OBH Combi Batuk Plus Flu Jahe 100 ml,https://d2qjkwm11akmwu.cloudfront.net/products/2079_12-5-2019_22-7-58-1665782171.webp
OBH Combi Plus Batuk Flu Madu Sirup 60 ml,https://d2qjkwm11akmwu.cloudfront.net/products/671737_12-5-2019_21-47-38-1665772299.webp
OBH Ika 100 ml,https://d2qjkwm11akmwu.cloudfront.net/products/17829-1665790794.webp
OBH Nellco Special PE Anak Jeruk 55 ml,https://d2qjkwm11akmwu.cloudfront.net/products/423102_1-11-2021_14-30-24-1665842483.webp
OBH Nellco Special PE Anak Strawberry 55 ml,https://d2qjkwm11akmwu.cloudfront.net/products/539032_7-11-2021_23-49-21-1665842482.webp
OBH Nellco Special PE Sachet,https://d2qjkwm11akmwu.cloudfront.net/products/36757_23-11-2022_13-27-52.webp
OBH Tropica Extra Anak Rasa Jeruk Sirup 100 ml,https://d2qjkwm11akmwu.cloudfront.net/products/192038_1-8-2023_17-6-54.webp
OBH Tropica Extra Anak Rasa Jeruk Sirup 60 ml,https://d2qjkwm11akmwu.cloudfront.net/products/541346_20-9-2023_14-8-55.webp
OBH Tropica Extra Anak Rasa Strawberry Sirup 60 ml,https://d2qjkwm11akmwu.cloudfront.net/products/415596_11-7-2023_10-55-31.webp
OBH Tropica Plus Anak Rasa Jeruk Sirup 60 ml,https://d2qjkwm11akmwu.cloudfront.net/products/234803_4-2-2019_10-47-18-1665794928.webp
OBH Tropica Plus Anak Rasa Strawberry Sirup 60 ml,https://d2qjkwm11akmwu.cloudfront.net/products/120889_6-11-2019_9-53-44-1665801680.webp
OBH Tropica Plus Sirup 100 ml,https://d2qjkwm11akmwu.cloudfront.net/products/5398-1665772367.webp
Obana Sirup 60 ml,https://d2qjkwm11akmwu.cloudfront.net/products/17815-1665790785.webp
Obat Batuk Pei Pa Mat 150 ml,https://d2qjkwm11akmwu.cloudfront.net/products/101466_26-9-2019_10-41-3-1665805586.webp
Oroxin Sirup 60 ml,https://d2qjkwm11akmwu.cloudfront.net/products/2102-1665761309.webp
Paraflu 10 Kaplet,https://d2qjkwm11akmwu.cloudfront.net/products/11569_28-1-2019_10-12-40-1665782199.webp
Pectorin Sirup 120 ml,https://d2qjkwm11akmwu.cloudfront.net/products/11571-1665782200.webp
Phenzacol 10 Kaplet,https://d2qjkwm11akmwu.cloudfront.net/products/390165_17-3-2023_10-40-9.webp
Physiomer Baby Decongestant 60 ml,https://d2qjkwm11akmwu.cloudfront.net/products/874986_2-8-2022_10-41-52-1665791635.webp
Physiomer Normal Jet Nasal Spray 135 ml,https://d2qjkwm11akmwu.cloudfront.net/products/0_6-7-2022_11-53-53-1665796762.webp
Pim-Tra-Kol Sirup Cherry 60 ml,https://d2qjkwm11akmwu.cloudfront.net/products/124130_28-8-2020_15-47-25-1665782221.webp
Pim-Tra-Kol Sirup Lemon 60 ml,https://d2qjkwm11akmwu.cloudfront.net/products/11602-1665782222.webp
Plossa Inhaler & Roll On Blue Mountain 10 ml,https://d2qjkwm11akmwu.cloudfront.net/products/660500_5-7-2021_10-27-50-1665802168.webp
Plossa Inhaler & Roll On Red Hot/ Panasin Pegal Linu Red Hot 8 ml,https://d2qjkwm11akmwu.cloudfront.net/products/27591_12-10-2022_17-18-27-1665802170.webp
Prome Sirup 60 ml,https://d2qjkwm11akmwu.cloudfront.net/products/2179-1665761436.webp
Pure Kids Aise Belly Natural 60 ml,https://d2qjkwm11akmwu.cloudfront.net/products/415177_23-12-2021_9-41-4-1665791086.webp
Pure Kids Aise Belly Natural 60 ml 2 Botol - Hemat Borongan,https://d2qjkwm11akmwu.cloudfront.net/products/75600_5-5-2023_16-19-26.webp
Respituss Syrup 120 ml,https://d2qjkwm11akmwu.cloudfront.net/products/874284_11-10-2022_14-4-10-1665852634.webp
Rexcof 4 Tablet,https://d2qjkwm11akmwu.cloudfront.net/products/11717-1665782359.webp
Roverton 30 mg 10 Kaplet,https://d2qjkwm11akmwu.cloudfront.net/products/2069-1665761282.webp
Roverton Drops 15 ml,https://d2qjkwm11akmwu.cloudfront.net/products/84798_11-1-2023_13-54-33.webp
Safe Care Roll On Aromatherapy 10 ml,https://d2qjkwm11akmwu.cloudfront.net/products/404119_5-8-2021_15-22-44-1665782378.webp
Safe Care Roll On Aromatherapy 5 ml,https://d2qjkwm11akmwu.cloudfront.net/products/823010_6-8-2021_10-43-26-1665787612.webp
Samcodin 10 Tablet,https://d2qjkwm11akmwu.cloudfront.net/products/551618_17-9-2020_15-17-31-1665794222.webp
Sanadryl Expectorant Sirup 120 ml 2 Botol - Hemat Borongan,https://d2qjkwm11akmwu.cloudfront.net/products/239219_18-8-2023_15-4-7.webp
Sanaflu 4 Kaplet,https://d2qjkwm11akmwu.cloudfront.net/products/8891-1665778688.webp
Sanazol Sirup 60 ml,https://d2qjkwm11akmwu.cloudfront.net/products/597734_7-12-2022_10-34-10.webp
Siladex Antitussive Sirup 100 ml 2 Botol - Hemat Borongan,https://d2qjkwm11akmwu.cloudfront.net/products/251352_11-9-2023_13-34-44.webp
Siladex DMP Sirup 60 ml,https://d2qjkwm11akmwu.cloudfront.net/products/58446_29-10-2019_11-24-24-1665799690.webp
Siladex Mucolytic & Expectorant Sirup 30 ml,https://d2qjkwm11akmwu.cloudfront.net/products/246433_31-7-2023_11-27-57.webp
Sistenol 2 Botol ( 10 Kaplet/Botol) - Hemat Borongan,https://d2qjkwm11akmwu.cloudfront.net/products/855332_5-5-2023_17-32-22.webp
Sterimar Allergic Nose 50 ml,https://d2qjkwm11akmwu.cloudfront.net/products/659215_11-1-2023_14-3-59.webp
Sterimar Nose Hygiene Baby 50 ml 2 Botol - Hemat Borongan,https://d2qjkwm11akmwu.cloudfront.net/products/740446_5-5-2023_19-38-31.webp
Sterimar Nose Hygiene and Comfort 50 ml 2 Botol - Hemat Borongan,https://d2qjkwm11akmwu.cloudfront.net/products/54565_11-7-2023_14-59-41.webp
Telfast Plus 10 Tablet,https://d2qjkwm11akmwu.cloudfront.net/products/789026_26-3-2022_13-32-14-1665761183.webp
Termorex Plus Sirup 60 ml,https://d2qjkwm11akmwu.cloudfront.net/products/50195_23-4-2019_14-45-0-1665768955.webp
Ternix Plus Sirup 60 ml,https://d2qjkwm11akmwu.cloudfront.net/products/202915_16-11-2020_14-57-1-1665796230.webp
Tolak Angin Ekstra Hangat 4 Tablet,https://d2qjkwm11akmwu.cloudfront.net/products/615218_5-11-2019_18-35-23-1665800746.webp
Tolak Angin Flu 2 Box (12 Sachet/Box) - Hemat Borongan,https://d2qjkwm11akmwu.cloudfront.net/products/640852_4-5-2023_14-42-20.webp
Transpulmin Sirup 60 ml,https://d2qjkwm11akmwu.cloudfront.net/products/1882-1665761120.webp
Trifed Sirup 60 ml,https://d2qjkwm11akmwu.cloudfront.net/products/856021_6-5-2019_8-57-40-1665761160.webp
Ultraflu Extra 4 Tablet,https://d2qjkwm11akmwu.cloudfront.net/products/276606_26-11-2019_1-5-37-1665794729.webp
Ultraflu PE 4 Tablet,https://d2qjkwm11akmwu.cloudfront.net/products/798551_21-1-2022_10-47-9-1665843112.webp
Vicks Formula 44 Sirup 100 ml 2 Botol - Hemat Borongan,https://d2qjkwm11akmwu.cloudfront.net/products/693881_4-5-2023_14-37-8.webp
Vicks Formula 44 Sirup 27 ml,https://d2qjkwm11akmwu.cloudfront.net/products/9594-1665780086.webp
Vicks Formula Jahe Madu 56 ml,https://d2qjkwm11akmwu.cloudfront.net/products/319681_21-1-2022_10-48-51-1665844229.webp
Vicks Inhaler 2 Pieces - Hemat Borongan,https://d2qjkwm11akmwu.cloudfront.net/products/366444_4-5-2023_14-41-56.webp
Vicks Vaporub 50 g 2 Pot - Hemat Borongan,https://d2qjkwm11akmwu.cloudfront.net/products/573898_4-5-2023_16-25-49.webp
Woods Naturals Sirup 60 ml,https://d2qjkwm11akmwu.cloudfront.net/products/337368_1-4-2023_4-22-20.webp
Wybert Herbal Batuk Sirup Plus 100 ml,https://d2qjkwm11akmwu.cloudfront.net/products/53630_8-1-2023_23-43-27.webp
Zenirex Expectorant Sirup 60 ml,https://d2qjkwm11akmwu.cloudfront.net/products/12029-1665783177.webp
A. Vogel Bronchosan Pine Cough Sirup 100 ml,https://d2qjkwm11akmwu.cloudfront.net/products/10075-1665780432.webp
ABC Menthol Cone 20 g,https://d2qjkwm11akmwu.cloudfront.net/products/14932-1665787410.webp
ABC Menthol Cone 8 g,https://d2qjkwm11akmwu.cloudfront.net/products/5230-1665772127.webp
Aerius D-12 5 Tablet,https://d2qjkwm11akmwu.cloudfront.net/products/434090_3-2-2020_15-39-14-1665791240.webp
Aflucaps PE 10 Kaplet,https://d2qjkwm11akmwu.cloudfront.net/products/188646_8-1-2023_23-6-5.webp
Aknil 10 Tablet,https://d2qjkwm11akmwu.cloudfront.net/products/335414_3-12-2019_23-21-9-1665794498.webp
Al Afiat Gurah Mint 125 ml,https://d2qjkwm11akmwu.cloudfront.net/products/277790_5-12-2021_23-13-31-1665840527.webp
Albiruni Albiguraa 25 Kapsul,https://d2qjkwm11akmwu.cloudfront.net/products/15581-1665788257.webp
Albiruni Albiguraa 50 Kapsul,https://d2qjkwm11akmwu.cloudfront.net/products/242224_16-8-2019_10-31-8-1665788258.webp
Aldisa SR 10 Kapsul,https://d2qjkwm11akmwu.cloudfront.net/products/453669_20-6-2023_16-36-7.webp
Alerfed 10 Tablet,https://d2qjkwm11akmwu.cloudfront.net/products/161963_3-2-2020_15-31-7-1665770610.webp
Alerfed Sirup 60 ml,https://d2qjkwm11akmwu.cloudfront.net/products/3962-1665770610.webp
Anacetine Plus Sirup 60 ml,https://d2qjkwm11akmwu.cloudfront.net/products/1505_29-7-2022_19-4-14-1665856654.webp
Anadex 4 Tablet,https://d2qjkwm11akmwu.cloudfront.net/products/390270_18-2-2019_11-15-39-1665775728.webp
Anakonidin Mucolytic & Expectorant 30 ml,https://d2qjkwm11akmwu.cloudfront.net/products/527313_9-11-2020_13-59-55-1665824038.webp
Anakonidin Sirup 30 ml,https://d2qjkwm11akmwu.cloudfront.net/products/9262-1665779542.webp
Anaton Syrup 60 ml,https://d2qjkwm11akmwu.cloudfront.net/products/15626-1665788286.webp
Andonex Syrup 100 ml,https://d2qjkwm11akmwu.cloudfront.net/products/15627-1665788287.webp
Andonex Syrup 60 ml,https://d2qjkwm11akmwu.cloudfront.net/products/777148_13-6-2019_14-54-25-1665788288.webp
Antangin OB Herbal Sachet,https://d2qjkwm11akmwu.cloudfront.net/products/571368_23-11-2019_19-24-25-1665780091.webp
Antiza 10 Kaplet,https://d2qjkwm11akmwu.cloudfront.net/products/449892_26-11-2019_1-8-5-1665795454.webp
Antiza Sirup 60 ml,https://d2qjkwm11akmwu.cloudfront.net/products/9466-1665779873.webp
Apricot Sirup 100 ml,https://d2qjkwm11akmwu.cloudfront.net/products/15641_23-11-2018_16-36-55-1665788296.webp
Aqua Maris Baby Nasal Spray 50 ml 2 Botol - Hemat Borongan,https://d2qjkwm11akmwu.cloudfront.net/products/378984_23-2-2023_16-51-16.webp
Aqua Maris Strong Nasal Spray 30 ml,https://d2qjkwm11akmwu.cloudfront.net/products/750976_20-3-2023_16-16-40.webp
Aquamaris Daily 30 ml,https://d2qjkwm11akmwu.cloudfront.net/products/549679_8-4-2020_18-26-54-1665814600.webp
Aromatic 1001 Minyak Angin Roll On Masuk Angin 8 ml,https://d2qjkwm11akmwu.cloudfront.net/products/310990_23-6-2019_23-45-1-1665783896.webp
Aromatic 1001 Minyak Angin Roll On Pegal-Pegal 8 ml,https://d2qjkwm11akmwu.cloudfront.net/products/12677-1665783897.webp
Aromatic 1001 Minyak Angin Roll On Refreshing 8 ml,https://d2qjkwm11akmwu.cloudfront.net/products/12678-1665783897.webp
Asvex 33.21 mg 10 Tablet,https://d2qjkwm11akmwu.cloudfront.net/products/6935-1665775931.webp
BNS Breathy Nasal Spray 30 ml 2 Botol - Hemat Borongan,https://d2qjkwm11akmwu.cloudfront.net/products/172354_5-5-2023_18-0-47.webp
Baby Safe Nasal Aspirator With Mouth Suction Pipe Nas02,https://d2qjkwm11akmwu.cloudfront.net/products/266990_15-2-2021_18-13-56-1665827742.webp
Balsam Hijau Cap Badak 36 g,https://d2qjkwm11akmwu.cloudfront.net/products/others-1665790288.webp
Balsam Jahe 20 g,https://d2qjkwm11akmwu.cloudfront.net/products/295644_27-11-2020_10-54-53-1665824831.webp
Balsem Hijau Cap Kaki Tiga 36 g,https://d2qjkwm11akmwu.cloudfront.net/products/12745-1665784062.webp
Balsem Kuning Cap Kaki Tiga 36 g,https://d2qjkwm11akmwu.cloudfront.net/products/14309-1665786800.webp
Balsem Putih Cap Kaki Tiga 36 g,https://d2qjkwm11akmwu.cloudfront.net/products/12747-1665784063.webp
Balsem Tolak Angin 20 g,https://d2qjkwm11akmwu.cloudfront.net/products/359868_25-5-2021_15-32-49-1665837562.webp
Bantif Child Sirup 60 ml,https://d2qjkwm11akmwu.cloudfront.net/products/1845-1665761086.webp
Basmingin Flu 15 ml 10 Sachet,https://d2qjkwm11akmwu.cloudfront.net/products/107764_5-12-2021_23-18-27-1665842485.webp
Bentrio Nasal Spray 20 ml,https://d2qjkwm11akmwu.cloudfront.net/products/785405_23-2-2023_16-55-41.webp
Berea Sirup 60 ml,https://d2qjkwm11akmwu.cloudfront.net/products/499770_31-7-2021_0-19-1-1665816590.webp
Berlifed Sirup 60 ml,https://d2qjkwm11akmwu.cloudfront.net/products/194659_16-6-2019_22-39-25-1665770636.webp
Betadine Cold Defence Nasal Spray 20 ml 2 Botol - Hemat Borongan,https://d2qjkwm11akmwu.cloudfront.net/products/843251_5-5-2023_20-38-19.webp
Bintang Toedjoe Masuk Angin 15 ml 12 Sachet,https://d2qjkwm11akmwu.cloudfront.net/products/95738_6-3-2020_14-13-53-1665781163.webp
Bintang Toedjoe Masuk Angin 15 ml 6 Sachet,https://d2qjkwm11akmwu.cloudfront.net/products/17702-1665790709.webp
Bison Menthol Cone 20 g,https://d2qjkwm11akmwu.cloudfront.net/products/624837_23-6-2019_23-55-49-1665792309.webp
Bodrex Herbal Batuk 15 ml 5 Sachet,https://d2qjkwm11akmwu.cloudfront.net/products/102950_26-8-2021_8-25-48-1665803096.webp
Bodrexin Flu Dan Batuk Tidak Berdahak Dph 56 ml,https://d2qjkwm11akmwu.cloudfront.net/products/35332_26-2-2021_10-30-20-1665830240.webp
Bodrexin Pilek Dan Alergi Pe Sirup 56 ml,https://d2qjkwm11akmwu.cloudfront.net/products/9178-1665779243.webp
Bokashi Care Minyak Angin Roll On 8 ml,https://d2qjkwm11akmwu.cloudfront.net/products/348167_25-2-2019_12-16-19-1665803097.webp
Breathy Nasal Drops 30 ml 2 Botol - Hemat Borongan,https://d2qjkwm11akmwu.cloudfront.net/products/339273_5-5-2023_17-55-11.webp
Brochifar 10 Kaplet,https://d2qjkwm11akmwu.cloudfront.net/products/343285_4-2-2019_10-45-33-1665794674.webp
Brocon 10 Kaplet,https://d2qjkwm11akmwu.cloudfront.net/products/17277-1665790300.webp
Bromedcyl Plus Sirup 60 ml,https://d2qjkwm11akmwu.cloudfront.net/products/601747_6-9-2023_13-18-51.webp
Bromifar 8 mg 10 Kaplet,https://d2qjkwm11akmwu.cloudfront.net/products/17278-1665790301.webp
Bromifar Plus 10 Kaplet,https://d2qjkwm11akmwu.cloudfront.net/products/17279-1665790302.webp
Bromifar Plus Sirup 60 ml,https://d2qjkwm11akmwu.cloudfront.net/products/228031_24-3-2023_16-26-38.webp
Bromika Sirup 60 ml,https://d2qjkwm11akmwu.cloudfront.net/products/468860_24-3-2019_22-37-56-1665761089.webp
Brommer 30 mg 10 Tablet,https://d2qjkwm11akmwu.cloudfront.net/products/689646_16-4-2023_22-53-0.webp
Bronchitin 10 Tablet,https://d2qjkwm11akmwu.cloudfront.net/products/739832_31-7-2021_0-43-49-1665839820.webp
Bronchitin Flu 60 ml,https://d2qjkwm11akmwu.cloudfront.net/products/788100_9-2-2023_14-52-1.webp
Bronchitin Sirup 60 ml,https://d2qjkwm11akmwu.cloudfront.net/products/587385_19-5-2020_11-57-44-1665761091.webp
Bronkipect Sirup 60 ml,https://d2qjkwm11akmwu.cloudfront.net/products/595621_6-9-2023_13-2-14.webp
Bronkris 8 mg 10 Tablet,https://d2qjkwm11akmwu.cloudfront.net/products/17282-1665790304.webp
Bronkris Eliksir 60 ml,https://d2qjkwm11akmwu.cloudfront.net/products/17283-1665790305.webp
Broxal 15mg/5ml Sirup 60 ml,https://d2qjkwm11akmwu.cloudfront.net/products/224158_16-6-2019_23-36-11-1665793735.webp
Broxal 30mg/5ml Sirup 60 ml,https://d2qjkwm11akmwu.cloudfront.net/products/others-1665799636.webp
Broxfion Sirup 15 mg/5 ml 60 ml,https://d2qjkwm11akmwu.cloudfront.net/products/715179_20-9-2023_14-10-39.webp
Bruang Menthol Cone Besar,https://d2qjkwm11akmwu.cloudfront.net/products/811089_23-11-2019_20-1-16-1665804243.webp
Bruang Menthol Cone Kecil,https://d2qjkwm11akmwu.cloudfront.net/products/347233_27-8-2019_13-12-43-1665804240.webp
Calorex Sirup 60 ml,https://d2qjkwm11akmwu.cloudfront.net/products/762103_3-12-2019_23-6-47-1665781178.webp
Cap Badak Balsem Kuning 36 g,https://d2qjkwm11akmwu.cloudfront.net/products/14376-1665786904.webp
Cap Dragon Balsam Menthol 20 g,https://d2qjkwm11akmwu.cloudfront.net/products/14377-1665786905.webp
Cap Dragon Balsem Menthol 8 g,https://d2qjkwm11akmwu.cloudfront.net/products/866959_23-6-2019_22-56-24-1665786906.webp
Cap Dragon Balsem Menthol Refill 5 g,https://d2qjkwm11akmwu.cloudfront.net/products/508277_14-9-2021_11-35-35-1665841130.webp
Cap Gajah Gondopuro Olie 50 ml,https://d2qjkwm11akmwu.cloudfront.net/products/725498_24-11-2020_10-56-24-1665824636.webp
Cap Gajah SRP Indra 10 ml,https://d2qjkwm11akmwu.cloudfront.net/products/394868_9-12-2019_13-50-3-1665799689.webp
Cap Kaki Tiga Balsam Hijau 20 g,https://d2qjkwm11akmwu.cloudfront.net/products/174180_9-8-2019_9-46-54-1665786909.webp
Cap Kaki Tiga Balsam Kuning 20 g,https://d2qjkwm11akmwu.cloudfront.net/products/14384-1665786910.webp
Cap Lang Inhaler,https://d2qjkwm11akmwu.cloudfront.net/products/2321-1665762911.webp
Cap Lang Minyak Angin 12 ml,https://d2qjkwm11akmwu.cloudfront.net/products/14392-1665786915.webp
Cap Lang Minyak Angin 24 ml,https://d2qjkwm11akmwu.cloudfront.net/products/2e8562b6-dfae-43c0-b496-f0d490784061_product_image_url.webp
Cap Lang Minyak Angin 3 ml,https://d2qjkwm11akmwu.cloudfront.net/products/2338-1665762922.webp
Cap Lang Minyak Angin 6 ml,https://d2qjkwm11akmwu.cloudfront.net/products/2340-1665762924.webp
Cap Lang Minyak Angin Menthol Oil (MAMO) 3 ml,https://d2qjkwm11akmwu.cloudfront.net/products/42557_4-1-2023_11-12-55.webp
Cap Lang Minyak Angin Menthol Oil (Mamo) 10 ml,https://d2qjkwm11akmwu.cloudfront.net/products/762556_27-12-2019_13-58-20-1665803954.webp
Cap Lang Minyak Ekaliptus Aromatherapy Green Tea 120 ml,https://d2qjkwm11akmwu.cloudfront.net/products/14393-1665786916.webp
Cap Lang Minyak Ekaliptus Aromatherapy Green Tea 15 ml,https://d2qjkwm11akmwu.cloudfront.net/products/575527_23-2-2023_15-1-51.webp
Cap Lang Minyak Ekaliptus Aromatherapy Green Tea 30 ml,https://d2qjkwm11akmwu.cloudfront.net/products/14394-1665786917.webp
Cap Lang Minyak Ekaliptus Aromatherapy Green Tea 60 ml,https://d2qjkwm11akmwu.cloudfront.net/products/10396-1665780803.webp
Cap Lang Minyak Ekaliptus Aromatherapy Lavender 120 ml,https://d2qjkwm11akmwu.cloudfront.net/products/14395-1665786917.webp
Cap Lang Minyak Ekaliptus Aromatherapy Lavender 30 ml,https://d2qjkwm11akmwu.cloudfront.net/products/14396-1665786918.webp
Cap Lang Minyak Ekaliptus Aromatherapy Lavender 60 ml,https://d2qjkwm11akmwu.cloudfront.net/products/10398-1665780805.webp
Cap Lang Minyak Ekaliptus Aromatherapy Original 15 ml,https://d2qjkwm11akmwu.cloudfront.net/products/877917_26-3-2019_15-47-18-1665801002.webp
Cap Lang Minyak Ekaliptus Aromatherapy Original 30 ml,https://d2qjkwm11akmwu.cloudfront.net/products/765920_6-11-2019_9-46-58-1665801001.webp
Cap Lang Minyak Ekaliptus Aromatherapy Rose 120 ml,https://d2qjkwm11akmwu.cloudfront.net/products/14397-1665786919.webp
Cap Lang Minyak Ekaliptus Aromatherapy Rose 15 ml,https://d2qjkwm11akmwu.cloudfront.net/products/879350_22-11-2022_16-8-33.webp
Cap Lang Minyak Ekaliptus Aromatherapy Rose 30 ml,https://d2qjkwm11akmwu.cloudfront.net/products/14398-1665786919.webp
Cap Lang Minyak Ekaliptus Aromatherapy Rose 60 ml,https://d2qjkwm11akmwu.cloudfront.net/products/10397-1665780804.webp
Cap Lang V Fresh Barleymint Roll On 4 ml,https://d2qjkwm11akmwu.cloudfront.net/products/93384_31-5-2019_9-32-37-1665786920.webp
Cap Lang V Fresh Barleymint Roll On 8 ml,https://d2qjkwm11akmwu.cloudfront.net/products/888035_26-3-2019_15-15-2-1665780290.webp
Cap Lang V Fresh Green Tea Roll On 4 ml,https://d2qjkwm11akmwu.cloudfront.net/products/454183_9-8-2019_9-48-36-1665786921.webp
Cap Lang V Fresh Green Tea Roll On 8 ml,https://d2qjkwm11akmwu.cloudfront.net/products/14402-1665786922.webp
Cap Lang V Fresh Hot Roll On 8 ml,https://d2qjkwm11akmwu.cloudfront.net/products/14403-1665786923.webp
Cap Lang V Fresh Lavender Roll On 8 ml,https://d2qjkwm11akmwu.cloudfront.net/products/9885-1665780291.webp
Cap Lang V Fresh Original Roll On 4 ml,https://d2qjkwm11akmwu.cloudfront.net/products/808890_1-12-2019_20-19-2-1665786923.webp
Cap Lang V Fresh Original Roll On 8 ml,https://d2qjkwm11akmwu.cloudfront.net/products/2346-1665762928.webp
Cap Rumah Minyak Sereh Wangi 125 ml,https://d2qjkwm11akmwu.cloudfront.net/products/2352-1665762932.webp
Cecyl 200 mg 10 Kapsul,https://d2qjkwm11akmwu.cloudfront.net/products/102741_15-2-2021_16-23-28-1665798708.webp
Codecon 4 Kapsul,https://d2qjkwm11akmwu.cloudfront.net/products/586785_17-1-2020_14-0-27-1665805360.webp
Codecon Sirup 60 ml,https://d2qjkwm11akmwu.cloudfront.net/products/1853-1665761092.webp
Codela 10 Tablet,https://d2qjkwm11akmwu.cloudfront.net/products/117412_21-1-2022_10-38-28-1665840465.webp
Coldrexin Sirup 60 ml,https://d2qjkwm11akmwu.cloudfront.net/products/7231-1665776316.webp
Colfin 10 Kaplet,https://d2qjkwm11akmwu.cloudfront.net/products/10545_19-5-2020_12-16-10-1665778683.webp
Colfin Plus Sirup 60 ml,https://d2qjkwm11akmwu.cloudfront.net/products/170812_1-11-2021_14-45-1-1665842474.webp
Colfin Sirup 60 ml,https://d2qjkwm11akmwu.cloudfront.net/products/574881_19-5-2020_12-18-42-1665761123.webp
Collerin Sirup 60 ml,https://d2qjkwm11akmwu.cloudfront.net/products/735815_17-1-2020_16-34-18-1665769331.webp
Coltin 300 mg 10 Kapsul,https://d2qjkwm11akmwu.cloudfront.net/products/274797_30-7-2021_23-28-52-1665799824.webp
Comtusi Pilek & Alergi Sirup 60 ml,https://d2qjkwm11akmwu.cloudfront.net/products/202479_15-2-2023_9-43-46.webp
Contrex Flu & Pilek 4 Tablet,https://d2qjkwm11akmwu.cloudfront.net/products/688853_31-7-2021_0-42-53-1665839822.webp
Coparcetin Rasa Orange Sirup 60 ml,https://d2qjkwm11akmwu.cloudfront.net/products/768780_15-3-2021_14-24-55-1665821159.webp
Coparcetin Sirup 60 ml,https://d2qjkwm11akmwu.cloudfront.net/products/481211_26-11-2019_0-58-48-1665793722.webp
Corhinza 10 Kaplet,https://d2qjkwm11akmwu.cloudfront.net/products/870301_23-6-2019_23-36-22-1665778684.webp
Cough En Plus Sirup 60 ml,https://d2qjkwm11akmwu.cloudfront.net/products/128746_16-7-2019_9-35-58-1665769313.webp
Coughs Friend 100 ml,https://d2qjkwm11akmwu.cloudfront.net/products/597351_25-3-2019_0-5-32-1665803007.webp
Crofed Sirup 60 ml,https://d2qjkwm11akmwu.cloudfront.net/products/542125_8-10-2021_9-55-19-1665802899.webp
De Cough Menthol For Adult 60 ml,https://d2qjkwm11akmwu.cloudfront.net/products/381515_4-12-2019_17-29-28-1665803232.webp
De Cough Strawberry Sirup 60 ml,https://d2qjkwm11akmwu.cloudfront.net/products/17827-1665790792.webp
De-Cough Jeruk Sirup 120 ml,https://d2qjkwm11akmwu.cloudfront.net/products/17825-1665790791.webp
De-Cough Jeruk Sirup 60 ml,https://d2qjkwm11akmwu.cloudfront.net/products/17826-1665790792.webp
Decolgen Kids Flu Sirup 60 ml,https://d2qjkwm11akmwu.cloudfront.net/products/755043_4-9-2019_9-50-18-1665760973.webp
Decolgen Pe 10 Tablet,https://d2qjkwm11akmwu.cloudfront.net/products/810606_9-4-2019_15-13-53-1665791288.webp
Dehifenin Expectorant 10 Tbalet,https://d2qjkwm11akmwu.cloudfront.net/products/396512_16-3-2021_15-12-44-1665814547.webp
Dextrosin Sirup 120 ml,https://d2qjkwm11akmwu.cloudfront.net/products/635688_19-3-2021_13-26-18-1665771341.webp
Dextrosin Sirup 60 ml,https://d2qjkwm11akmwu.cloudfront.net/products/4817_25-1-2019_17-34-2-1665771341.webp
Dexyl Sirup 60 ml,https://d2qjkwm11akmwu.cloudfront.net/products/5879-1665774089.webp
Dodo Nasal Aspirator,https://d2qjkwm11akmwu.cloudfront.net/products/363621_18-1-2023_10-16-14.webp
Dodo Nasal Aspirator 2 In 1,https://d2qjkwm11akmwu.cloudfront.net/products/54899_29-10-2019_13-3-17-1665805092.webp
Donexan Dx Sirup 120 ml,https://d2qjkwm11akmwu.cloudfront.net/products/17327-1665790334.webp
Donexan Dx Sirup 60 ml,https://d2qjkwm11akmwu.cloudfront.net/products/126046_19-2-2021_11-28-12-1665814543.webp
Dorbigot 10 Kaplet,https://d2qjkwm11akmwu.cloudfront.net/products/2220-1665884544.webp
Dosivec 300 mg 10 Kapsul,https://d2qjkwm11akmwu.cloudfront.net/products/119689_13-6-2019_14-45-53-1665787000.webp
Edotin 300 mg 10 Kapsul,https://d2qjkwm11akmwu.cloudfront.net/products/2218-1665884543.webp
Edotin Dry Sirup 60 ml,https://d2qjkwm11akmwu.cloudfront.net/products/857396_29-10-2019_10-30-37-1665793823.webp
Eflin 10 Tablet,https://d2qjkwm11akmwu.cloudfront.net/products/343180_3-2-2020_15-36-19-1665790339.webp
Eflin Syrup 60 ml,https://d2qjkwm11akmwu.cloudfront.net/products/304071_13-6-2019_14-33-22-1665784405.webp
Enovid Daily Nose Sanitizer,https://d2qjkwm11akmwu.cloudfront.net/products/716402_15-6-2022_17-41-33-1665847764.webp
Erdobat 300 mg 10 Kapsul,https://d2qjkwm11akmwu.cloudfront.net/products/17344-1665790347.webp
Erdobat Dry Syrup 60 ml,https://d2qjkwm11akmwu.cloudfront.net/products/353749_27-6-2022_14-55-57-1665801653.webp
Erdomex 300 mg 10 Kapsul,https://d2qjkwm11akmwu.cloudfront.net/products/338816_27-2-2021_23-22-56-1665796095.webp
Erlaflu Sirup 60 ml,https://d2qjkwm11akmwu.cloudfront.net/products/47261_6-9-2023_10-16-37.webp
Erlapect 10 Tablet,https://d2qjkwm11akmwu.cloudfront.net/products/17349-1665790350.webp
Erlapect Sirup 60 ml,https://d2qjkwm11akmwu.cloudfront.net/products/17348-1665790350.webp
Erphaflu 10 Tablet,https://d2qjkwm11akmwu.cloudfront.net/products/750433_17-1-2020_14-9-27-1665775194.webp
Erphaflu Sirup 60 ml,https://d2qjkwm11akmwu.cloudfront.net/products/347397_5-7-2023_13-41-5.webp
Erphahexin 10 Tablet,https://d2qjkwm11akmwu.cloudfront.net/products/765770_23-6-2019_23-5-11-1665790353.webp
Erphahexin Sirup 60 ml,https://d2qjkwm11akmwu.cloudfront.net/products/204010_2-4-2023_21-42-55.webp
Erphakaf Plus Sirup 60 ml,https://d2qjkwm11akmwu.cloudfront.net/products/449857_5-7-2023_13-37-26.webp
Ersylan Syrup 60 ml,https://d2qjkwm11akmwu.cloudfront.net/products/209941_4-3-2021_18-26-30-1665830947.webp
Esepuluh 4 Tablet,https://d2qjkwm11akmwu.cloudfront.net/products/117635_18-11-2019_23-11-18-1665884985.webp
Ethiros 175 mg/5 ml Dry Sirup 60 ml,https://d2qjkwm11akmwu.cloudfront.net/products/19060_7-1-2019_10-40-24-1665791916.webp
Ethiros 300 mg 10 Kapsul,https://d2qjkwm11akmwu.cloudfront.net/products/25530_7-1-2019_11-34-34-1665884960.webp
Euca Inhalant 1.1 G,https://d2qjkwm11akmwu.cloudfront.net/products/686346_9-10-2020_13-54-36-1665823024.webp
Exovon Elixir 60 ml,https://d2qjkwm11akmwu.cloudfront.net/products/532828_11-6-2023_23-0-14.webp
Extropect 30 mg 10 Tablet,https://d2qjkwm11akmwu.cloudfront.net/products/489406_4-2-2019_10-39-59-1665794044.webp
Extropect Sirup 60 ml,https://d2qjkwm11akmwu.cloudfront.net/products/14530-1665787007.webp
Farnirex 10 Kaplet,https://d2qjkwm11akmwu.cloudfront.net/products/496461_17-1-2020_16-31-18-1665783397.webp
Febrinex Sirup 60 ml,https://d2qjkwm11akmwu.cloudfront.net/products/374263_28-5-2019_10-25-42-1665761432.webp
Fenidryl Sirup 60 ml,https://d2qjkwm11akmwu.cloudfront.net/products/550461_9-2-2023_11-34-58.webp
Fibropect 15 mg/5 ml Sirup 60 ml,https://d2qjkwm11akmwu.cloudfront.net/products/others-1665885525.webp
Flixonase Nasal Spray,https://d2qjkwm11akmwu.cloudfront.net/products/2172-1665761428.webp
Fluanza 10 Kaplet,https://d2qjkwm11akmwu.cloudfront.net/products/636735_28-2-2021_0-19-36-1665814959.webp
Flucadex PE 10 Kaplet,https://d2qjkwm11akmwu.cloudfront.net/products/773539_31-8-2022_15-40-59-1665852631.webp
Flukid 60 ml,https://d2qjkwm11akmwu.cloudfront.net/products/323242_11-9-2020_17-16-27-1665822704.webp
Flukol X-Tra 4 Tablet,https://d2qjkwm11akmwu.cloudfront.net/products/6620-1665775352.webp
Flumin Plus Sirup 60 ml,https://d2qjkwm11akmwu.cloudfront.net/products/17439-1665790528.webp
Flunax 10 Tablet,https://d2qjkwm11akmwu.cloudfront.net/products/765481_16-3-2021_13-23-28-1665794058.webp
Flunax Sirup 60 ml,https://d2qjkwm11akmwu.cloudfront.net/products/others-1665794057.webp
Flutamol Sirup 60 ml,https://d2qjkwm11akmwu.cloudfront.net/products/4793-1665771324.webp
Flutamol-P Sirup 60 ml,https://d2qjkwm11akmwu.cloudfront.net/products/190866_24-4-2020_3-39-55-1665771325.webp
Fluza Day 10 Kaplet,https://d2qjkwm11akmwu.cloudfront.net/products/849247_21-11-2022_14-6-10.webp
Fluzep 10 Tablet,https://d2qjkwm11akmwu.cloudfront.net/products/17441_28-1-2019_11-3-30-1665790530.webp
Fortusin Sirup 120 ml,https://d2qjkwm11akmwu.cloudfront.net/products/527475_14-11-2019_16-16-52-1665761421.webp
Fortusin Sirup 60 ml,https://d2qjkwm11akmwu.cloudfront.net/products/682662_14-11-2019_16-19-9-1665771323.webp
Fresh Living Essential Oi Eucalyptus Lavender 10 ml,https://d2qjkwm11akmwu.cloudfront.net/products/387916_21-9-2022_14-29-23-1665854561.webp
Fresh Living Essential Oil Lavender 10 ml,https://d2qjkwm11akmwu.cloudfront.net/products/54095_22-11-2022_10-16-0.webp
Fresh Living Essential Oil Peppermint 10 ml,https://d2qjkwm11akmwu.cloudfront.net/products/423466_31-8-2022_15-47-37-1665854559.webp
Freshcare Eucalyptus 12 Patch,https://d2qjkwm11akmwu.cloudfront.net/products/322984_3-2-2022_16-47-35-1665842483.webp
Freshcare Mix Eucalyptus Inhaler + Roll On,https://d2qjkwm11akmwu.cloudfront.net/products/483086_28-10-2021_17-30-28-1665840865.webp
Freshcare Roll On Minyak Angin Citrus 10 ml 3 Botol - Hemat Borongan,https://d2qjkwm11akmwu.cloudfront.net/products/654713_4-5-2023_16-29-36.webp
Freshcare Roll On Minyak Angin Green Tea 10 ml,https://d2qjkwm11akmwu.cloudfront.net/products/635869_5-7-2021_16-4-37-1665780344.webp
Freshcare Roll On Minyak Angin Lavender 10 ml 3 Botol - Hemat Borongan,https://d2qjkwm11akmwu.cloudfront.net/products/788663_4-5-2023_16-36-13.webp
Freshcare Roll On Minyak Angin Sandalwood 10 ml,https://d2qjkwm11akmwu.cloudfront.net/products/798461_7-4-2021_10-14-46-1665781570.webp
Freshcare Teens Bubble Gum,https://d2qjkwm11akmwu.cloudfront.net/products/10389-1665780798.webp
Freshcare Teens Happy Cherry,https://d2qjkwm11akmwu.cloudfront.net/products/10390-1665780799.webp
Freshcare Teens Passion Fruit 10 ml,https://d2qjkwm11akmwu.cloudfront.net/products/10392-1665780800.webp
Gigadryl Sirup 60 ml,https://d2qjkwm11akmwu.cloudfront.net/products/781325_16-3-2021_14-51-51-1665814590.webp
Glyceryl Guaiacolate 100 mg 100 Tablet,https://d2qjkwm11akmwu.cloudfront.net/products/579545_20-6-2019_10-34-19-1665787066.webp
Granus 500 mg 30 Kapsul,https://d2qjkwm11akmwu.cloudfront.net/products/17463_15-1-2019_16-53-1-1665790546.webp
Guamin Sirup 60 ml,https://d2qjkwm11akmwu.cloudfront.net/products/195710_27-9-2023_10-0-11.webp
Halfilyn Sirup 100 ml,https://d2qjkwm11akmwu.cloudfront.net/products/11157_25-1-2019_18-23-7-1665781693.webp
Herbacold 4 Tablet,https://d2qjkwm11akmwu.cloudfront.net/products/810922_25-2-2019_11-57-11-1665797270.webp
Herbacold 6 Tablet,https://d2qjkwm11akmwu.cloudfront.net/products/169149_5-12-2021_23-11-52-1665840519.webp
Herbakof 4 Tablet,https://d2qjkwm11akmwu.cloudfront.net/products/570067_23-8-2019_17-59-55-1665803930.webp
Herbakof 6 Tablet,https://d2qjkwm11akmwu.cloudfront.net/products/223739_6-11-2020_13-43-12-1665824003.webp
Herbakof Stick Pack 15 ml,https://d2qjkwm11akmwu.cloudfront.net/products/166500_4-2-2019_10-45-4-1665794665.webp
Herbivi Sirup 100 ml,https://d2qjkwm11akmwu.cloudfront.net/products/118589_23-7-2021_10-20-48-1665839316.webp
Hexon 8 mg 10 Tablet,https://d2qjkwm11akmwu.cloudfront.net/products/others-1665779538.webp
Hexon Sirup 60 ml,https://d2qjkwm11akmwu.cloudfront.net/products/others-1665761414.webp
Hufadryl Expectorant Sirup 60 ml,https://d2qjkwm11akmwu.cloudfront.net/products/171753_11-1-2020_20-37-42-1665805449.webp
Hufagripp BP Dewasa Sirup 60 ml,https://d2qjkwm11akmwu.cloudfront.net/products/248188_31-8-2022_15-38-11-1665852889.webp
Hufagripp XS 10 Kaplet,https://d2qjkwm11akmwu.cloudfront.net/products/12223_15-2-2021_14-35-44-1665814592.webp
Hufallerzine Sirup 60ml,https://d2qjkwm11akmwu.cloudfront.net/products/14760-1665787217.webp
Hufasulvon Kids Sirup 60 ml,https://d2qjkwm11akmwu.cloudfront.net/products/436225_16-3-2021_13-44-43-1665814630.webp
Hufaxol 15 mg Sirup 60 ml,https://d2qjkwm11akmwu.cloudfront.net/products/221292_12-7-2020_23-52-16-1665796215.webp
Hustab 10 Tablet,https://d2qjkwm11akmwu.cloudfront.net/products/535337_30-6-2019_23-2-11-1665776060.webp
Hustab P Sirup 60 ml,https://d2qjkwm11akmwu.cloudfront.net/products/177745_26-7-2019_9-49-27-1665761410.webp
Hustadin Syrup 60 ml,https://d2qjkwm11akmwu.cloudfront.net/products/14764-1665787220.webp
Hustarex Sirup 60 ml,https://d2qjkwm11akmwu.cloudfront.net/products/459828_13-6-2019_14-17-4-1665781712.webp
Iafed Sirup 60 ml,https://d2qjkwm11akmwu.cloudfront.net/products/672518_11-1-2023_13-21-7.webp
Ifarsyl Plus Sirup 60ml,https://d2qjkwm11akmwu.cloudfront.net/products/679342_3-12-2019_17-16-28-1665794738.webp
Ika Minyak Gandapura 100 ml,https://d2qjkwm11akmwu.cloudfront.net/products/17587-1665790634.webp
Ika Minyak Gandapura 60 ml,https://d2qjkwm11akmwu.cloudfront.net/products/17546-1665790602.webp
Ikadryl Flu Syrup 100 ml,https://d2qjkwm11akmwu.cloudfront.net/products/17486-1665790562.webp
Ikadryl Flu Syrup 60 ml,https://d2qjkwm11akmwu.cloudfront.net/products/17487-1665790562.webp
Ikadryl Rasa Apel Sirup 60 ml,https://d2qjkwm11akmwu.cloudfront.net/products/1815-1665884540.webp
Iliadin Anak 0.025% Nasal Drops 10 ml 2 Botol - Hemat Borongan,https://d2qjkwm11akmwu.cloudfront.net/products/49391_5-5-2023_18-7-56.webp
Imboost Cough Kids Syrup 60 ml,https://d2qjkwm11akmwu.cloudfront.net/products/562772_3-10-2023_15-56-45.webp
Imboost Cough Syrup 60 ml,https://d2qjkwm11akmwu.cloudfront.net/products/445372_3-10-2023_16-5-6.webp
Inadryl Sirup 100 ml,https://d2qjkwm11akmwu.cloudfront.net/products/1777-1665760968.webp
Inadryl Sirup 50 ml,https://d2qjkwm11akmwu.cloudfront.net/products/80939_17-10-2019_10-56-32-1665779552.webp
Incetyl 200 mg 10 Kapsul,https://d2qjkwm11akmwu.cloudfront.net/products/139271_29-6-2021_8-46-33-1665839107.webp
Inhaler Cap Kapak 1.7 Gram,https://d2qjkwm11akmwu.cloudfront.net/products/52320_22-2-2019_14-20-25-1665802282.webp
Interpec 30 mg 10 Tablet,https://d2qjkwm11akmwu.cloudfront.net/products/4787-1665771320.webp
Interpec Sirup 15 mg/5 ml 60 ml,https://d2qjkwm11akmwu.cloudfront.net/products/2153-1665761402.webp
Interpec Sirup 30 mg/5 ml 60 ml,https://d2qjkwm11akmwu.cloudfront.net/products/4788-1665771320.webp
Jamu Ban Leng 100 ml,https://d2qjkwm11akmwu.cloudfront.net/products/241273_3-12-2019_22-31-58-1665799591.webp
Jamu Ban Leng 15 ml,https://d2qjkwm11akmwu.cloudfront.net/products/492453_4-12-2019_17-18-38-1665799592.webp
Jamu Ban Leng 50 ml,https://d2qjkwm11akmwu.cloudfront.net/products/502636_1-12-2019_20-33-10-1665799593.webp
Jamu Iboe Sambiloto Herbal 30 Kapsul,https://d2qjkwm11akmwu.cloudfront.net/products/10246-1665780631.webp
Java Spa Minyak Angin Aromatherapy Roll-On 10 ml,https://d2qjkwm11akmwu.cloudfront.net/products/14771-1665787285.webp
Kaloba 20 mg 21 Tablet,https://d2qjkwm11akmwu.cloudfront.net/products/691857_13-6-2019_14-14-22-1665778708.webp
Kingto Luo Han Guo Peipa Hanpian 12 Tablet,https://d2qjkwm11akmwu.cloudfront.net/products/639444_25-9-2020_13-15-42-1665815769.webp
Kirin Roll On Refresing Oil Green Tea 8 ml,https://d2qjkwm11akmwu.cloudfront.net/products/78420_14-12-2022_10-37-28.webp
Kirin Roll On Refresing Oil Mint 8 ml,https://d2qjkwm11akmwu.cloudfront.net/products/390892_14-12-2022_10-32-52.webp
Komix Herbal Kids Rasa Strawberry 10 ml 4 Botol,https://d2qjkwm11akmwu.cloudfront.net/products/784978_21-7-2022_14-24-45-1665856023.webp
Komix Herbal Rasa Jahe 15 ml 6 Sachet,https://d2qjkwm11akmwu.cloudfront.net/products/110593_26-7-2020_23-58-0-1665821160.webp
Komix Herbal Rasa Peppermint 15 ml 6 Sachet,https://d2qjkwm11akmwu.cloudfront.net/products/878215_26-7-2020_23-58-24-1665821162.webp
Komix Kids Strawberry 5 ml,https://d2qjkwm11akmwu.cloudfront.net/products/17514-1665790581.webp
Komix OBH Kid Sirup Rasa Madu 5 ml,https://d2qjkwm11akmwu.cloudfront.net/products/359278_3-2-2020_16-18-1-1665781771.webp
Komix OBH Kid Sirup Rasa Madu 5 ml 10 Sachet,https://d2qjkwm11akmwu.cloudfront.net/products/323982_3-2-2020_16-17-23-1665800865.webp
Kontrabat Sirup 60 ml,https://d2qjkwm11akmwu.cloudfront.net/products/584357_11-1-2020_20-38-52-1665805457.webp
L-Acys 200 mg 10 Kapsul,https://d2qjkwm11akmwu.cloudfront.net/products/830734_11-9-2020_17-23-3-1665822704.webp
Lacoldin Sirup 60 ml,https://d2qjkwm11akmwu.cloudfront.net/products/2146-1665761393.webp
Lactrin 300 mg 10 Kapsul,https://d2qjkwm11akmwu.cloudfront.net/products/16337-1665789127.webp
Lanvy Syrup 100 ml,https://d2qjkwm11akmwu.cloudfront.net/products/371373_5-10-2021_13-33-37-1665841853.webp
Lapifed 10 Tablet,https://d2qjkwm11akmwu.cloudfront.net/products/420766_3-2-2020_14-9-40-1665762876.webp
Lapimuc 30 mg 10 Tablet,https://d2qjkwm11akmwu.cloudfront.net/products/823961_29-3-2019_17-53-27-1665761387.webp
Lapimuc Drops 15 mg/ml 15 ml,https://d2qjkwm11akmwu.cloudfront.net/products/895955_9-2-2023_11-58-53.webp
Laserin 30 ml,https://d2qjkwm11akmwu.cloudfront.net/products/602601_4-2-2019_10-45-56-1665794744.webp
Laserin Madu Sirup 30 ml,https://d2qjkwm11akmwu.cloudfront.net/products/63547_2-10-2019_20-54-53-1665789176.webp
Laserin Plus Batuk 100 ml,https://d2qjkwm11akmwu.cloudfront.net/products/16414-1665789177.webp
Laserin Plus Batuk 60 ml,https://d2qjkwm11akmwu.cloudfront.net/products/187260_23-5-2019_11-33-29-1665789178.webp
Laserin Sirup 15 ml,https://d2qjkwm11akmwu.cloudfront.net/products/47787_5-12-2021_23-14-57-1665841281.webp
Laserin Sirup 60 ml,https://d2qjkwm11akmwu.cloudfront.net/products/84608_24-8-2020_14-54-22-1665780047.webp
Levopront Sirup 120 ml,https://d2qjkwm11akmwu.cloudfront.net/products/710261_31-3-2019_15-38-12-1665789183.webp
Levotusin Sirup 120 ml,https://d2qjkwm11akmwu.cloudfront.net/products/707245_5-2-2023_23-40-52.webp
Librofed Sirup 60 ml,https://d2qjkwm11akmwu.cloudfront.net/products/665580_10-1-2020_14-47-23-1665761378.webp
Licodril Sirup 60 ml,https://d2qjkwm11akmwu.cloudfront.net/products/54173_31-7-2021_0-3-23-1665814548.webp
Limoxin 30 mg 10 Tablet,https://d2qjkwm11akmwu.cloudfront.net/products/2132-1665761377.webp
Limoxin Drops 20 ml,https://d2qjkwm11akmwu.cloudfront.net/products/17535-1665790595.webp
Limoxin Sirup 60 ml,https://d2qjkwm11akmwu.cloudfront.net/products/2208_29-12-2018_17-49-54-1665761476.webp
Lodecon 10 Kaplet,https://d2qjkwm11akmwu.cloudfront.net/products/641035_5-3-2019_14-20-23-1665778715.webp
Lusty Bunny Nasal Aspirator,https://d2qjkwm11akmwu.cloudfront.net/products/571312_4-2-2020_15-21-39-1665806336.webp
MIPI Cream 15 g,https://d2qjkwm11akmwu.cloudfront.net/products/659483_24-6-2020_15-33-49-1665804194.webp
MIPI Cream 30 g,https://d2qjkwm11akmwu.cloudfront.net/products/697498_21-2-2019_17-18-16-1665802099.webp
MIPI Roll On 10 ml,https://d2qjkwm11akmwu.cloudfront.net/products/195022_21-2-2019_17-23-20-1665802099.webp
MIPI Roll On Green Tea 10 ml,https://d2qjkwm11akmwu.cloudfront.net/products/198623_21-2-2019_17-24-15-1665802100.webp
MIPI Roll On Jasmine 10 ml,https://d2qjkwm11akmwu.cloudfront.net/products/150037_21-2-2019_17-27-36-1665802101.webp
MIPI Roll On Orange Lemon 10ml,https://d2qjkwm11akmwu.cloudfront.net/products/760326_21-2-2019_17-28-22-1665802101.webp
Madu Flek & Batuk 150 ml,https://d2qjkwm11akmwu.cloudfront.net/products/16856-1665789660.webp
Madu Mahabbah 350 g,https://d2qjkwm11akmwu.cloudfront.net/products/711568_5-7-2019_13-46-33-1665789670.webp
Masflu Forte 10 Tablet,https://d2qjkwm11akmwu.cloudfront.net/products/8708_16-3-2021_14-43-37-1665814594.webp
Medistein Kapsul 300 mg,https://d2qjkwm11akmwu.cloudfront.net/products/18417-1665791452.webp
Memucil 200 mg 10 Kapsul,https://d2qjkwm11akmwu.cloudfront.net/products/543335_23-7-2021_10-21-55-1665839822.webp
Mezinex Sirup 60 ml,https://d2qjkwm11akmwu.cloudfront.net/products/675761_11-12-2019_19-2-18-1665794592.webp
Millsen Sirup 60 ml,https://d2qjkwm11akmwu.cloudfront.net/products/66825_17-11-2019_19-33-7-1665783545.webp
Minyak Angin Cap Bunga Putih 10 ml,https://d2qjkwm11akmwu.cloudfront.net/products/685137_23-5-2019_11-34-50-1665802094.webp
Minyak Angin Cap Bunga Putih 2.5 ml,https://d2qjkwm11akmwu.cloudfront.net/products/472261_23-5-2019_11-26-14-1665770890.webp
Minyak Angin Cap Bunga Putih 20 ml,https://d2qjkwm11akmwu.cloudfront.net/products/255359_23-5-2019_11-25-42-1665770890.webp
Minyak Angin Cap Bunga Putih 5 ml,https://d2qjkwm11akmwu.cloudfront.net/products/553638_23-5-2019_11-26-47-1665770891.webp
Minyak Angin Cap Kapak 10 ml,https://d2qjkwm11akmwu.cloudfront.net/products/11402-1665781965.webp
Minyak Angin Cap Kapak 3 ml,https://d2qjkwm11akmwu.cloudfront.net/products/14937-1665787414.webp
Minyak Angin Cap Kapak 5 ml,https://d2qjkwm11akmwu.cloudfront.net/products/14938-1665787415.webp
Minyak Angin Jahe 10 ml,https://d2qjkwm11akmwu.cloudfront.net/products/679813_21-2-2019_16-52-25-1665802095.webp
Minyak Aromaterapi Tolak Angin Care Roll On 10 ml,https://d2qjkwm11akmwu.cloudfront.net/products/18093-1665791105.webp
Minyak Obat Cap Dewi Tunjong 40 ml,https://d2qjkwm11akmwu.cloudfront.net/products/18428-1665791460.webp
Minyak Obat Cap Dewi Tunjong 8 ml,https://d2qjkwm11akmwu.cloudfront.net/products/18427-1665791459.webp
Miradryl Sirup 60 ml,https://d2qjkwm11akmwu.cloudfront.net/products/12218-1665783545.webp
Mirapect Sirup 60 ml,https://d2qjkwm11akmwu.cloudfront.net/products/33574_20-9-2023_14-11-44.webp
Miravon Sirup 60 ml,https://d2qjkwm11akmwu.cloudfront.net/products/408702_20-9-2023_14-4-49.webp
Mixadin 4 Tablet,https://d2qjkwm11akmwu.cloudfront.net/products/8912-1665778705.webp
Mixsaga 10 ml,https://d2qjkwm11akmwu.cloudfront.net/products/850397_7-2-2019_9-31-43-1665802103.webp
Molapect 30 mg 10 Tablet,https://d2qjkwm11akmwu.cloudfront.net/products/410780_30-10-2019_16-23-56-1665781974.webp
Molexdryl Sirup 60 ml,https://d2qjkwm11akmwu.cloudfront.net/products/103331_5-3-2019_14-24-29-1665779456.webp
Mucera Sirup 60 ml 2 Botol - Hemat Borongan,https://d2qjkwm11akmwu.cloudfront.net/products/534887_18-8-2023_14-56-38.webp
Mucopan Sirup 60 ml,https://d2qjkwm11akmwu.cloudfront.net/products/images/others.png
Mucotein Dry Syrup 175 mg/5 ml 60 ml,https://d2qjkwm11akmwu.cloudfront.net/products/142874_24-3-2019_23-47-21-1665790717.webp
Mucotein Kapsul,https://d2qjkwm11akmwu.cloudfront.net/products/249687_15-1-2020_11-1-59-1665790716.webp
Mucoxol 30 mg 10 Tablet,https://d2qjkwm11akmwu.cloudfront.net/products/468275_19-12-2019_10-36-27-1665790719.webp
Mucoxol Sirup 60 ml,https://d2qjkwm11akmwu.cloudfront.net/products/671166_24-3-2019_23-47-53-1665790718.webp
Nalitik 10 Kapsul,https://d2qjkwm11akmwu.cloudfront.net/products/17552-1665790608.webp
Nanotech Euca Card Sachet,https://d2qjkwm11akmwu.cloudfront.net/products/504506_18-1-2021_14-11-39-1665827884.webp
Nasacort AQ Nasal Spray,https://d2qjkwm11akmwu.cloudfront.net/products/712206_29-11-2019_16-57-4-1665761344.webp
Nasalin Baby Daily Nasal Hygiene Microdiffusion Spray 100 ml,https://d2qjkwm11akmwu.cloudfront.net/products/235214_11-12-2020_15-38-51-1665826036.webp
Natra Bio Child Cold & Flu Relief 1 oz,https://d2qjkwm11akmwu.cloudfront.net/products/10406-1665780810.webp
Neladryl Expectorant 60 ml,https://d2qjkwm11akmwu.cloudfront.net/products/260210_11-7-2023_11-44-19.webp
Neladryl Syrup Dmp 60ml,https://d2qjkwm11akmwu.cloudfront.net/products/others-1665797004.webp
Neonadryl Expectorant 60 ml,https://d2qjkwm11akmwu.cloudfront.net/products/122652_16-3-2021_15-55-33-1665814540.webp
Neosma Expectorant Syrup 60 ml,https://d2qjkwm11akmwu.cloudfront.net/products/460387_23-6-2019_23-10-6-1665790735.webp
Nichodryl Sirup 60 ml,https://d2qjkwm11akmwu.cloudfront.net/products/270472_25-2-2019_10-57-50-1665779455.webp
Nichofed 10 Tablet,https://d2qjkwm11akmwu.cloudfront.net/products/354628_3-2-2020_14-9-11-1665761461.webp
Nichofed Sirup 60 ml,https://d2qjkwm11akmwu.cloudfront.net/products/350272_5-3-2019_13-38-19-1665761332.webp
Nipe Expectorant Adult 120 ml,https://d2qjkwm11akmwu.cloudfront.net/products/341729_4-6-2021_9-41-25-1665885193.webp
Nipe Expectorant Adult 60 ml,https://d2qjkwm11akmwu.cloudfront.net/products/537811_4-6-2021_9-42-1-1665838349.webp
Nipe Sirup 100 ml,https://d2qjkwm11akmwu.cloudfront.net/products/644066_29-9-2023_15-6-36.webp
Novadryl Sirup 60 ml,https://d2qjkwm11akmwu.cloudfront.net/products/others-1665796253.webp
Novatusin Sirup 60 ml,https://d2qjkwm11akmwu.cloudfront.net/products/367057_31-5-2019_9-31-36-1665782088.webp
Nufanibrox 30 mg 10 Tablet,https://d2qjkwm11akmwu.cloudfront.net/products/2193-1665761456.webp
Nusadryl Sirup 60 ml,https://d2qjkwm11akmwu.cloudfront.net/products/789366_28-12-2022_14-30-57.webp
Nuvopec 15 mg/5 ml Sirup 60 ml,https://d2qjkwm11akmwu.cloudfront.net/products/234343_30-11-2022_13-47-31.webp
Nytex Dry Syrup 100 mg/5 ml 75 ml,https://d2qjkwm11akmwu.cloudfront.net/products/17810-1665790781.webp
Nytex Dry Syrup 150 ml,https://d2qjkwm11akmwu.cloudfront.net/products/1862_28-12-2018_18-13-6-1665761104.webp
OB Herbal Ziplong Cair 12 ml 12 Sachet,https://d2qjkwm11akmwu.cloudfront.net/products/501389_12-4-2020_21-33-50-1665814846.webp
OB Herbal Ziplong Cair 12 ml 5 Sachet,https://d2qjkwm11akmwu.cloudfront.net/products/388892_25-8-2021_17-2-9-1665790783.webp
OBH Afiat 100 ml,https://d2qjkwm11akmwu.cloudfront.net/products/499532_28-4-2022_14-0-14-1665856019.webp
OBH Berlico Jeruk Nipis Sirup 100 ml,https://d2qjkwm11akmwu.cloudfront.net/products/335963_8-1-2021_14-34-54-1665802879.webp
OBH Indoplus 100 ml,https://d2qjkwm11akmwu.cloudfront.net/products/175736_15-3-2021_13-59-16-1665814630.webp
OBH Nellco Batuk Berdahak Menthol Sirup 55 ml,https://d2qjkwm11akmwu.cloudfront.net/products/185011_5-12-2021_23-17-17-1665842122.webp
OBH Nusantara Sirup 100 ml,https://d2qjkwm11akmwu.cloudfront.net/products/872018_1-12-2019_20-36-54-1665800428.webp
OBH Tropica Expectorant Menthol Sirup 100 ml,https://d2qjkwm11akmwu.cloudfront.net/products/5396_25-1-2019_17-37-56-1665772366.webp
OBH Tropica Expectorant Menthol Sirup 60 ml,https://d2qjkwm11akmwu.cloudfront.net/products/5397-1665772366.webp
OBH Tropica Expectorant Rasa Madu Sirup 60 ml,https://d2qjkwm11akmwu.cloudfront.net/products/722387_5-7-2023_13-44-43.webp
OBH Tropica Extra Rasa Menthol Sirup 100 ml,https://d2qjkwm11akmwu.cloudfront.net/products/95792_17-11-2019_21-11-28-1665801678.webp
OBH Tropica Extra Rasa Menthol Sirup 60 ml,https://d2qjkwm11akmwu.cloudfront.net/products/98627_1-12-2019_20-41-46-1665801708.webp
OBH Tropica Plus Sirup 60 ml,https://d2qjkwm11akmwu.cloudfront.net/products/5399-1665772368.webp
Obasa Sirup 60 ml,https://d2qjkwm11akmwu.cloudfront.net/products/17816-1665790785.webp
Obhdryl Sirup 100 ml,https://d2qjkwm11akmwu.cloudfront.net/products/872398_5-3-2019_14-24-5-1665779452.webp
Omecough Madu Sirup 60 ml,https://d2qjkwm11akmwu.cloudfront.net/products/11536_28-1-2019_10-12-13-1665782177.webp
Omeroxol Sirup 60 ml,https://d2qjkwm11akmwu.cloudfront.net/products/7508_5-11-2020_13-33-30-1665793769.webp
Optiflu Sirup 60 ml,https://d2qjkwm11akmwu.cloudfront.net/products/images/others.png
Oratifed Plus Expectorant Sirup 60 ml,https://d2qjkwm11akmwu.cloudfront.net/products/718262_11-7-2023_11-33-27.webp
Oskadryl 4 Tablet,https://d2qjkwm11akmwu.cloudfront.net/products/96251_6-3-2019_12-0-35-1665782186.webp
Oskadryl Extra 4 Tablet,https://d2qjkwm11akmwu.cloudfront.net/products/17858-1665790813.webp
Oskadryl PE 4 Tablet,https://d2qjkwm11akmwu.cloudfront.net/products/835380_10-8-2021_15-14-29-1665885254.webp
Oskadryl Pe Effervescent 3.1 G,https://d2qjkwm11akmwu.cloudfront.net/products/375971_4-7-2019_10-5-6-1665783555.webp
Oxfezin Sirup 100 ml,https://d2qjkwm11akmwu.cloudfront.net/products/17869_28-1-2019_11-21-39-1665790821.webp
Oxfezin Sirup 60 ml,https://d2qjkwm11akmwu.cloudfront.net/products/17870_28-1-2019_11-23-16-1665790821.webp
Oxopect Sirup 60 ml,https://d2qjkwm11akmwu.cloudfront.net/products/683064_31-3-2019_14-5-2-1665761307.webp
Oxopi Sirup 60 ml,https://d2qjkwm11akmwu.cloudfront.net/products/others-1665861203.webp
Oxoril Sirup 60 ml,https://d2qjkwm11akmwu.cloudfront.net/products/11558-1665782192.webp
Pacdin Cough Rasa Strawberry Sirup 60 ml,https://d2qjkwm11akmwu.cloudfront.net/products/151506_20-9-2019_14-5-39-1665805481.webp
Pacdin Cough Sirup 60 ml,https://d2qjkwm11akmwu.cloudfront.net/products/17871-1665790822.webp
Pagoda Peppermint Obat Batuk Rasa Jahe Sirup 100 ml,https://d2qjkwm11akmwu.cloudfront.net/products/images/others.png
Paracetin Sirup 60 ml,https://d2qjkwm11akmwu.cloudfront.net/products/5960-1665774144.webp
Paraflu 60 ml,https://d2qjkwm11akmwu.cloudfront.net/products/868157_15-3-2021_14-12-17-1665814585.webp
Paramorina OBP Sirup 100 ml,https://d2qjkwm11akmwu.cloudfront.net/products/301971_8-1-2023_22-56-36.webp
Paratenza Suspensi 60 ml,https://d2qjkwm11akmwu.cloudfront.net/products/543292_5-3-2019_14-46-27-1665790825.webp
Pasaba Cough and Flu Syrup 60 ml,https://d2qjkwm11akmwu.cloudfront.net/products/326791_15-3-2021_14-5-23-1665794148.webp
Pasaba Syrup 60 ml,https://d2qjkwm11akmwu.cloudfront.net/products/781671_26-11-2019_1-0-43-1665794146.webp
Pectum Sirup 120 ml,https://d2qjkwm11akmwu.cloudfront.net/products/162516_31-3-2019_14-41-27-1665769111.webp
Pectum Sirup 60 ml,https://d2qjkwm11akmwu.cloudfront.net/products/4907_13-6-2019_14-1-38-1665769110.webp
Phenacold Sirup 120 ml,https://d2qjkwm11akmwu.cloudfront.net/products/2096-1665761304.webp
Phenacold Sirup 60 ml,https://d2qjkwm11akmwu.cloudfront.net/products/2189-1665761449.webp
Phenerica Syrup 100 ml,https://d2qjkwm11akmwu.cloudfront.net/products/712710_6-5-2019_9-9-24-1665785546.webp
Physiomer Baby Nasal 115 ml,https://d2qjkwm11akmwu.cloudfront.net/products/232072_5-7-2022_14-57-0-1665787502.webp
Pigeon Nose Cleaner (Aspirator Nasal),https://d2qjkwm11akmwu.cloudfront.net/products/20669-1665793582.webp
Pimacolin Plus Sirup Apple 60 ml,https://d2qjkwm11akmwu.cloudfront.net/products/882301_16-9-2021_10-3-39-1665782222.webp
Pimacolin Sirup Rasa Milk 60 ml,https://d2qjkwm11akmwu.cloudfront.net/products/227020_30-7-2021_23-28-27-1665798771.webp
Pinkids Cough Sirup 60 ml,https://d2qjkwm11akmwu.cloudfront.net/products/280318_27-9-2023_9-59-1.webp
Plossa Inhaler & Roll On Blue Mountain 10 ml 3 Botol - Hemat Borongan,https://d2qjkwm11akmwu.cloudfront.net/products/765303_30-5-2023_11-33-19.webp
Plossa Inhaler & Roll On Citrus With Herbal 10 ml 3 Botol - Hemat Borongan,https://d2qjkwm11akmwu.cloudfront.net/products/635830_10-7-2023_13-41-9.webp
Plossa Inhaler & Roll On Eucalyptus 10 ml 3 Botol - Hemat Borongan,https://d2qjkwm11akmwu.cloudfront.net/products/5162_30-5-2023_11-35-18.webp
Plossa Mini Press And Soothe Aromatics Eucalyptus 5 ml,https://d2qjkwm11akmwu.cloudfront.net/products/592831_18-5-2021_14-54-25-1665828201.webp
Plossa Mini Press And Soothe Aromatics Red Hot 5 ml,https://d2qjkwm11akmwu.cloudfront.net/products/400483_28-2-2021_0-28-2-1665828202.webp
Polar Bear Minyak Angin 18 ml,https://d2qjkwm11akmwu.cloudfront.net/products/17586-1665790633.webp
Polar Bear Minyak Angin 27 ml,https://d2qjkwm11akmwu.cloudfront.net/products/4461-1665771018.webp
Polar Bear Minyak Angin 8 ml,https://d2qjkwm11akmwu.cloudfront.net/products/4462-1665771018.webp
Ponflu 4 Kaplet,https://d2qjkwm11akmwu.cloudfront.net/products/347577_31-3-2019_14-2-49-1665761297.webp
Probaflek Sirup 175 g,https://d2qjkwm11akmwu.cloudfront.net/products/18263-1665791282.webp
Promuxol 30 mg 10 Tablet,https://d2qjkwm11akmwu.cloudfront.net/products/2177-1665761434.webp
Promuxol Drops 20 ml,https://d2qjkwm11akmwu.cloudfront.net/products/624898_30-7-2021_19-54-44-1665761433.webp
Promuxol Sirup 60 ml,https://d2qjkwm11akmwu.cloudfront.net/products/2000_25-1-2019_17-6-28-1665761217.webp
Propect 30 mg 10 Tablet,https://d2qjkwm11akmwu.cloudfront.net/products/17922-1665790863.webp
Propect Sirup 60 ml,https://d2qjkwm11akmwu.cloudfront.net/products/60999_9-12-2019_13-33-29-1665798774.webp
Protifed Sirup 60 ml,https://d2qjkwm11akmwu.cloudfront.net/products/11676-1665782331.webp
Pure Kids Aise Belly Natural 10 Sachet,https://d2qjkwm11akmwu.cloudfront.net/products/669566_14-11-2022_10-26-49.webp
Pyfakof Ivy Sirup 60 ml,https://d2qjkwm11akmwu.cloudfront.net/products/265240_13-1-2023_13-57-34.webp
Pyridryl Plus Sirup 60 ml,https://d2qjkwm11akmwu.cloudfront.net/products/2074-1665761286.webp
Quantidex 10 Kaplet,https://d2qjkwm11akmwu.cloudfront.net/products/18884_3-2-2020_15-34-10-1665782341.webp
Quantidex Sirup 60 ml,https://d2qjkwm11akmwu.cloudfront.net/products/369361_5-7-2019_11-49-54-1665782341.webp
Quixx Nasal Protection,https://d2qjkwm11akmwu.cloudfront.net/products/273201_7-7-2020_12-53-9-1665821299.webp
Recustein 300 mg 10 Kapsul,https://d2qjkwm11akmwu.cloudfront.net/products/1998-1665761215.webp
Recustein Dry Sirup 60 ml,https://d2qjkwm11akmwu.cloudfront.net/products/749900_13-3-2019_13-59-49-1665775968.webp
Rexcof Plus Sirup 60 ml,https://d2qjkwm11akmwu.cloudfront.net/products/23042_7-1-2019_11-11-33-1665796400.webp
Rheumason Inhaler 0.5 g,https://d2qjkwm11akmwu.cloudfront.net/products/487825_6-12-2019_13-38-1-1665801390.webp
Roverton Sirup 60 ml,https://d2qjkwm11akmwu.cloudfront.net/products/1993-1665761211.webp
Safe Care Roll On Aromatherapy 10 ml 3 Botol - Hemat Borongan,https://d2qjkwm11akmwu.cloudfront.net/products/452293_5-5-2023_18-54-12.webp
Safe Care Roll On Aromatherapy 30 ml,https://d2qjkwm11akmwu.cloudfront.net/products/641658_11-1-2023_14-3-14.webp
Sanaflu Forte 4 Kaplet,https://d2qjkwm11akmwu.cloudfront.net/products/8883-1665778682.webp
Sanaflu Plus Batuk Sirup 60 ml,https://d2qjkwm11akmwu.cloudfront.net/products/1833-1665761076.webp
Sidiadryl Expectorant Syrup 100 ml,https://d2qjkwm11akmwu.cloudfront.net/products/644699_20-9-2023_14-8-26.webp
Silabat 10 Kaplet,https://d2qjkwm11akmwu.cloudfront.net/products/430412_30-6-2019_23-4-17-1665783584.webp
Siladex Antitussive Sirup 30 ml,https://d2qjkwm11akmwu.cloudfront.net/products/362337_29-10-2019_11-45-23-1665801819.webp
Siladex Cough & Cold 30 ml,https://d2qjkwm11akmwu.cloudfront.net/products/845123_1-3-2022_15-36-4-1665798787.webp
Siladex Cough & Cold 60 ml,https://d2qjkwm11akmwu.cloudfront.net/products/416498_1-3-2022_14-54-49-1665791102.webp
Siladex DMP Sirup 100 ml,https://d2qjkwm11akmwu.cloudfront.net/products/857735_21-2-2019_15-55-19-1665802059.webp
Siladex DMP Sirup 30 ml,https://d2qjkwm11akmwu.cloudfront.net/products/118872_25-9-2019_10-48-14-1665805531.webp
Silopect 30 mg 10 Tablet,https://d2qjkwm11akmwu.cloudfront.net/products/2056-1665761271.webp
Silopect Forte Sirup 60 ml,https://d2qjkwm11akmwu.cloudfront.net/products/2057-1665761272.webp
Simfed DM Sirup 60 ml,https://d2qjkwm11akmwu.cloudfront.net/products/423640_9-2-2023_12-7-12.webp
Simfed Expectorant Sirup 60 ml,https://d2qjkwm11akmwu.cloudfront.net/products/606182_23-2-2023_15-6-57.webp
Simnos Sirup 60 ml,https://d2qjkwm11akmwu.cloudfront.net/products/640235_9-2-2023_15-6-0.webp
Simucil 200 mg 10 Kapsul,https://d2qjkwm11akmwu.cloudfront.net/products/1969_25-1-2019_17-5-49-1665761192.webp
Sinargi Santopect 300 mg 60 Pil,https://d2qjkwm11akmwu.cloudfront.net/products/627069_25-7-2022_14-20-39-1665856319.webp
Siran Forte 10 Tablet,https://d2qjkwm11akmwu.cloudfront.net/products/7013-1665775985.webp
Sirup Batuk Apricot Piparlu 7 ml Sachet,https://d2qjkwm11akmwu.cloudfront.net/products/23416_23-11-2018_16-37-33-1665797237.webp
Solafluz Syrup 60 ml,https://d2qjkwm11akmwu.cloudfront.net/products/563294_20-9-2023_14-7-59.webp
Solvinex Sirup 100 ml,https://d2qjkwm11akmwu.cloudfront.net/products/381965_11-1-2023_13-42-13.webp
Sterimar Nose Prone To Cold 50 ml 2 Botol - Hemat Borongan,https://d2qjkwm11akmwu.cloudfront.net/products/716137_5-5-2023_19-33-23.webp
Termorex Plus Sirup 30 ml,https://d2qjkwm11akmwu.cloudfront.net/products/736244_15-9-2020_16-15-10-1665794637.webp
Ternix Sirup 60 ml,https://d2qjkwm11akmwu.cloudfront.net/products/99290_11-1-2020_20-36-47-1665796233.webp
Tolak Angin Flu 3 Pack (5 Sachet/Pack) - Hemat Borongan,https://d2qjkwm11akmwu.cloudfront.net/products/386927_31-5-2023_14-46-56.webp
Tolak Linu Roll On Cool 10 ml,https://d2qjkwm11akmwu.cloudfront.net/products/117653_10-6-2020_17-6-40-1665819329.webp
Tranabat 10 Tablet,https://d2qjkwm11akmwu.cloudfront.net/products/326070_21-12-2020_13-42-30-1665795957.webp
Transbroncho 30 mg 10 Tablet,https://d2qjkwm11akmwu.cloudfront.net/products/1974-1665761195.webp
Transmuco 15 mg Syrup 60 ml,https://d2qjkwm11akmwu.cloudfront.net/products/244021_7-12-2022_11-35-38.webp
Transmuco 30 mg 10 Tablet,https://d2qjkwm11akmwu.cloudfront.net/products/733589_14-7-2022_14-10-45-1665761162.webp
Trifed 10 Tablet,https://d2qjkwm11akmwu.cloudfront.net/products/187127_3-2-2020_13-47-57-1665761157.webp
Trifedrin Sirup 60 ml,https://d2qjkwm11akmwu.cloudfront.net/products/795903_9-2-2023_11-41-5.webp
Tropidryl Expectorant Sirup 60 ml,https://d2qjkwm11akmwu.cloudfront.net/products/144152_16-11-2020_14-51-53-1665793766.webp
Tropidryl Plus Sirup 120 ml,https://d2qjkwm11akmwu.cloudfront.net/products/301622_6-9-2023_10-20-1.webp
Tropidryl Plus Sirup 60 ml,https://d2qjkwm11akmwu.cloudfront.net/products/655337_6-9-2023_13-17-4.webp
Valved DM Sirup 60 ml,https://d2qjkwm11akmwu.cloudfront.net/products/9195-1665779434.webp
Vicks Vaporub 10 g 3 Pot - Hemat Borongan,https://d2qjkwm11akmwu.cloudfront.net/products/833082_30-5-2023_11-21-43.webp
Vostrin 300 mg 10 Kapsul,https://d2qjkwm11akmwu.cloudfront.net/products/1908-1665761141.webp
Wybert Herbal Batuk Sirup 60 ml,https://d2qjkwm11akmwu.cloudfront.net/products/330530_11-3-2020_11-9-57-1665770875.webp
Wybert Herbal Batuk Sirup Plus 60 ml,https://d2qjkwm11akmwu.cloudfront.net/products/734830_8-1-2023_23-42-5.webp
Young Young Nasal Aspirator,https://d2qjkwm11akmwu.cloudfront.net/products/18288-1665791299.webp
Yu Yee Cap Limau Liniment 48 ml,https://d2qjkwm11akmwu.cloudfront.net/products/338895_5-2-2019_17-24-15-1665801987.webp
Zacoldine Sirup 60ml,https://d2qjkwm11akmwu.cloudfront.net/products/4381_11-12-2019_18-56-14-1665794130.webp
Zemindo Rasa Coklat Vanilla Sirup 60 ml,https://d2qjkwm11akmwu.cloudfront.net/products/376525_6-9-2023_10-25-7.webp
Zentra 10 Kaplet,https://d2qjkwm11akmwu.cloudfront.net/products/851146_3-2-2020_15-34-40-1665783178.webp
Zentra Sirup 60 ml,https://d2qjkwm11akmwu.cloudfront.net/products/others-1665783179.webp
