IDText,Kelas
TXT0001,Politik
TXT0002,Politik
TXT0003,Ideologi
TXT0004,Ideologi
TXT0005,Ekonomi
TXT0006,Ekonomi
TXT0007,Ideologi
TXT0008,Ideologi
TXT0009,Politik
TXT0010,Ekonomi
TXT0011,Politik
TXT0012,Politik
TXT0013,Politik
TXT0014,Politik
TXT0015,Sosial Budaya
TXT0016,Politik
TXT0017,Demografi
TXT0018,Ekonomi
TXT0019,Demografi
TXT0020,Sosial Budaya
TXT0021,Politik
TXT0022,Politik
TXT0023,Ekonomi
TXT0024,Geografi
TXT0025,Ekonomi
TXT0026,Politik
TXT0027,Pertahanan dan Keamanan
TXT0028,Politik
TXT0029,Ideologi
TXT0030,Ideologi
TXT0031,Pertahanan dan Keamanan
TXT0032,Politik
TXT0033,Politik
TXT0034,Sosial Budaya
TXT0035,Politik
TXT0036,Ideologi
TXT0037,Ideologi
TXT0038,Ideologi
TXT0039,Ideologi
TXT0040,Politik
TXT0041,Politik
TXT0042,Ekonomi
TXT0043,Politik
TXT0044,Ekonomi
TXT0045,Politik
TXT0046,Ekonomi
TXT0047,Ekonomi
TXT0048,Ideologi
TXT0049,Politik
TXT0050,Ideologi
TXT0051,Politik
TXT0052,Politik
TXT0053,Ideologi
TXT0054,Politik
TXT0055,Politik
TXT0056,Demografi
TXT0057,Politik
TXT0058,Ekonomi
TXT0059,Politik
TXT0060,Politik
TXT0061,Sosial Budaya
TXT0062,Politik
TXT0063,Politik
TXT0064,Sosial Budaya
TXT0065,Politik
TXT0066,Ekonomi
TXT0067,Sosial Budaya
TXT0068,Politik
TXT0069,Ideologi
TXT0070,Ekonomi
TXT0071,Politik
TXT0072,Politik
TXT0073,Politik
TXT0074,Pertahanan dan Keamanan
TXT0075,Politik
TXT0076,Ekonomi
TXT0077,Politik
TXT0078,Ekonomi
TXT0079,Politik
TXT0080,Pertahanan dan Keamanan
TXT0081,Pertahanan dan Keamanan
TXT0082,Pertahanan dan Keamanan
TXT0083,Sosial Budaya
TXT0084,Pertahanan dan Keamanan
TXT0085,Pertahanan dan Keamanan
TXT0086,Sosial Budaya
TXT0087,Ideologi
TXT0088,Pertahanan dan Keamanan
TXT0089,Pertahanan dan Keamanan
TXT0090,Pertahanan dan Keamanan
TXT0091,Politik
TXT0092,Ekonomi
TXT0093,Sosial Budaya
TXT0094,Politik
TXT0095,Politik
TXT0096,Pertahanan dan Keamanan
TXT0097,Ekonomi
TXT0098,Politik
TXT0099,Pertahanan dan Keamanan
TXT0100,Ideologi
TXT0101,Sosial Budaya
TXT0102,Politik
TXT0103,Pertahanan dan Keamanan
TXT0104,Ideologi
TXT0105,Sosial Budaya
TXT0106,Sosial Budaya
TXT0107,Sosial Budaya
TXT0108,Pertahanan dan Keamanan
TXT0109,Ekonomi
TXT0110,Politik
TXT0111,Politik
TXT0112,Politik
TXT0113,Sosial Budaya
TXT0114,Politik
TXT0115,Ideologi
TXT0116,Ideologi
TXT0117,Politik
TXT0118,Sumber Daya Alam
TXT0119,Politik
TXT0120,Pertahanan dan Keamanan
TXT0121,Pertahanan dan Keamanan
TXT0122,Pertahanan dan Keamanan
TXT0123,Sosial Budaya
TXT0124,Ideologi
TXT0125,Politik
TXT0126,Politik
TXT0127,Pertahanan dan Keamanan
TXT0128,Politik
TXT0129,Politik
TXT0130,Ideologi
TXT0131,Pertahanan dan Keamanan
TXT0132,Politik
TXT0133,Politik
TXT0134,Pertahanan dan Keamanan
TXT0135,Sosial Budaya
TXT0136,Politik
TXT0137,Politik
TXT0138,Ekonomi
TXT0139,Politik
TXT0140,Politik
TXT0141,Ekonomi
TXT0142,Ekonomi
TXT0143,Politik
TXT0144,Ekonomi
TXT0145,Pertahanan dan Keamanan
TXT0146,Pertahanan dan Keamanan
TXT0147,Ekonomi
TXT0148,Politik
TXT0149,Ekonomi
TXT0150,Politik
TXT0151,Politik
TXT0152,Pertahanan dan Keamanan
TXT0153,Sosial Budaya
TXT0154,Ideologi
TXT0155,Politik
TXT0156,Ekonomi
TXT0157,Politik
TXT0158,Ekonomi
TXT0159,Ekonomi
TXT0160,Politik
TXT0161,Politik
TXT0162,Ekonomi
TXT0163,Sosial Budaya
TXT0164,Politik
TXT0165,Politik
TXT0166,Sosial Budaya
TXT0167,Pertahanan dan Keamanan
TXT0168,Sumber Daya Alam
TXT0169,Ideologi
TXT0170,Ideologi
TXT0171,Ideologi
TXT0172,Ideologi
TXT0173,Pertahanan dan Keamanan
TXT0174,Ideologi
TXT0175,Politik
TXT0176,Ekonomi
TXT0177,Politik
TXT0178,Sosial Budaya
TXT0179,Politik
TXT0180,Politik
TXT0181,Sosial Budaya
TXT0182,Ekonomi
TXT0183,Politik
TXT0184,Sumber Daya Alam
TXT0185,Politik
TXT0186,Pertahanan dan Keamanan
TXT0187,Politik
TXT0188,Pertahanan dan Keamanan
TXT0189,Politik
TXT0190,Politik
TXT0191,Politik
TXT0192,Pertahanan dan Keamanan
TXT0193,Politik
TXT0194,Politik
TXT0195,Sosial Budaya
TXT0196,Politik
TXT0197,Politik
TXT0198,Politik
TXT0199,Sosial Budaya
TXT0200,Ideologi
TXT0201,Ideologi
TXT0202,Sosial Budaya
TXT0203,Politik
TXT0204,Politik
TXT0205,Politik
TXT0206,Ekonomi
TXT0207,Ekonomi
TXT0208,Politik
TXT0209,Politik
TXT0210,Politik
TXT0211,Politik
TXT0212,Ekonomi
TXT0213,Politik
TXT0214,Politik
TXT0215,Pertahanan dan Keamanan
TXT0216,Politik
TXT0217,Geografi
TXT0218,Politik
TXT0219,Sosial Budaya
TXT0220,Politik
TXT0221,Pertahanan dan Keamanan
TXT0222,Politik
TXT0223,Ekonomi
TXT0224,Politik
TXT0225,Pertahanan dan Keamanan
TXT0226,Politik
TXT0227,Politik
TXT0228,Politik
TXT0229,Politik
TXT0230,Politik
TXT0231,Ideologi
TXT0232,Politik
TXT0233,Politik
TXT0234,Pertahanan dan Keamanan
TXT0235,Ideologi
TXT0236,Politik
TXT0237,Pertahanan dan Keamanan
TXT0238,Pertahanan dan Keamanan
TXT0239,Ideologi
TXT0240,Politik
TXT0241,Politik
TXT0242,Pertahanan dan Keamanan
TXT0243,Politik
TXT0244,Sosial Budaya
TXT0245,Pertahanan dan Keamanan
TXT0246,Pertahanan dan Keamanan
TXT0247,Ekonomi
TXT0248,Ekonomi
TXT0249,Politik
TXT0250,Ekonomi
TXT0251,Sosial Budaya
TXT0252,Pertahanan dan Keamanan
TXT0253,Politik
TXT0254,Politik
TXT0255,Ideologi
TXT0256,Ekonomi
TXT0257,Sosial Budaya
TXT0258,Politik
TXT0259,Ekonomi
TXT0260,Politik
TXT0261,Politik
TXT0262,Sosial Budaya
TXT0263,Ideologi
TXT0264,Ideologi
TXT0265,Ekonomi
TXT0266,Politik
TXT0267,Ekonomi
TXT0268,Politik
TXT0269,Sosial Budaya
TXT0270,Politik
TXT0271,Politik
TXT0272,Ekonomi
TXT0273,Politik
TXT0274,Ekonomi
TXT0275,Politik
TXT0276,Politik
TXT0277,Politik
TXT0278,Politik
TXT0279,Ekonomi
TXT0280,Politik
TXT0281,Politik
TXT0282,Ekonomi
TXT0283,Pertahanan dan Keamanan
TXT0284,Politik
TXT0285,Politik
TXT0286,Politik
TXT0287,Pertahanan dan Keamanan
TXT0288,Sosial Budaya
TXT0289,Ekonomi
TXT0290,Ideologi
TXT0291,Politik
TXT0292,Ideologi
TXT0293,Politik
TXT0294,Sosial Budaya
TXT0295,Politik
TXT0296,Pertahanan dan Keamanan
TXT0297,Politik
TXT0298,Politik
TXT0299,Ekonomi
TXT0300,Pertahanan dan Keamanan
TXT0301,Politik
TXT0302,Ekonomi
TXT0303,Politik
TXT0304,Politik
TXT0305,Ekonomi
TXT0306,Politik
TXT0307,Ideologi
TXT0308,Politik
TXT0309,Ekonomi
TXT0310,Politik
TXT0311,Ekonomi
TXT0312,Ekonomi
TXT0313,Politik
TXT0314,Ekonomi
TXT0315,Politik
TXT0316,Ekonomi
TXT0317,Sosial Budaya
TXT0318,Ideologi
TXT0319,Politik
TXT0320,Politik
TXT0321,Politik
TXT0322,Politik
TXT0323,Ideologi
TXT0324,Politik
TXT0325,Sosial Budaya
TXT0326,Politik
TXT0327,Ideologi
TXT0328,Politik
TXT0329,Ekonomi
TXT0330,Ideologi
TXT0331,Pertahanan dan Keamanan
TXT0332,Ekonomi
TXT0333,Ideologi
TXT0334,Pertahanan dan Keamanan
TXT0335,Sosial Budaya
TXT0336,Ekonomi
TXT0337,Ideologi
TXT0338,Politik
TXT0339,Politik
TXT0340,Politik
TXT0341,Ekonomi
TXT0342,Politik
TXT0343,Politik
TXT0344,Ekonomi
TXT0345,Pertahanan dan Keamanan
TXT0346,Politik
TXT0347,Pertahanan dan Keamanan
TXT0348,Politik
TXT0349,Ekonomi
TXT0350,Pertahanan dan Keamanan
TXT0351,Ideologi
TXT0352,Politik
TXT0353,Pertahanan dan Keamanan
TXT0354,Politik
TXT0355,Ekonomi
TXT0356,Politik
TXT0357,Pertahanan dan Keamanan
TXT0358,Politik
TXT0359,Politik
TXT0360,Ekonomi
TXT0361,Politik
TXT0362,Politik
TXT0363,Ideologi
TXT0364,Politik
TXT0365,Ekonomi
TXT0366,Politik
TXT0367,Ekonomi
TXT0368,Pertahanan dan Keamanan
TXT0369,Pertahanan dan Keamanan
TXT0370,Politik
TXT0371,Politik
TXT0372,Pertahanan dan Keamanan
TXT0373,Ideologi
TXT0374,Politik
TXT0375,Pertahanan dan Keamanan
TXT0376,Politik
TXT0377,Pertahanan dan Keamanan
TXT0378,Politik
TXT0379,Ekonomi
TXT0380,Pertahanan dan Keamanan
TXT0381,Ekonomi
TXT0382,Politik
TXT0383,Ekonomi
TXT0384,Politik
TXT0385,Politik
TXT0386,Politik
TXT0387,Politik
TXT0388,Sosial Budaya
TXT0389,Politik
TXT0390,Politik
TXT0391,Politik
TXT0392,Ideologi
TXT0393,Politik
TXT0394,Ekonomi
TXT0395,Ideologi
TXT0396,Politik
TXT0397,Politik
TXT0398,Ideologi
TXT0399,Politik
TXT0400,Ekonomi
TXT0401,Politik
TXT0402,Politik
TXT0403,Politik
TXT0404,Politik
TXT0405,Politik
TXT0406,Sumber Daya Alam
TXT0407,Ideologi
TXT0408,Ideologi
TXT0409,Politik
TXT0410,Politik
TXT0411,Ideologi
TXT0412,Pertahanan dan Keamanan
TXT0413,Politik
TXT0414,Politik
TXT0415,Politik
TXT0416,Sumber Daya Alam
TXT0417,Pertahanan dan Keamanan
TXT0418,Politik
TXT0419,Politik
TXT0420,Politik
TXT0421,Politik
TXT0422,Ekonomi
TXT0423,Sosial Budaya
TXT0424,Ekonomi
TXT0425,Demografi
TXT0426,Politik
TXT0427,Sosial Budaya
TXT0428,Politik
TXT0429,Sosial Budaya
TXT0430,Ideologi
TXT0431,Sosial Budaya
TXT0432,Ekonomi
TXT0433,Sosial Budaya
TXT0434,Sosial Budaya
TXT0435,Pertahanan dan Keamanan
TXT0436,Pertahanan dan Keamanan
TXT0437,Politik
TXT0438,Politik
TXT0439,Politik
TXT0440,Politik
TXT0441,Politik
TXT0442,Ekonomi
TXT0443,Pertahanan dan Keamanan
TXT0444,Sosial Budaya
TXT0445,Ideologi
TXT0446,Ideologi
TXT0447,Ideologi
TXT0448,Politik
TXT0449,Politik
TXT0450,Politik
TXT0451,Politik
TXT0452,Politik
TXT0453,Ideologi
TXT0454,Politik
TXT0455,Politik
TXT0456,Politik
TXT0457,Politik
TXT0458,Sosial Budaya
TXT0459,Ideologi
TXT0460,Ekonomi
TXT0461,Politik
TXT0462,Politik
TXT0463,Sosial Budaya
TXT0464,Ekonomi
TXT0465,Pertahanan dan Keamanan
TXT0466,Politik
TXT0467,Pertahanan dan Keamanan
TXT0468,Politik
TXT0469,Pertahanan dan Keamanan
TXT0470,Ideologi
TXT0471,Politik
TXT0472,Pertahanan dan Keamanan
TXT0473,Sosial Budaya
TXT0474,Pertahanan dan Keamanan
TXT0475,Ideologi
TXT0476,Ideologi
TXT0477,Politik
TXT0478,Pertahanan dan Keamanan
TXT0479,Pertahanan dan Keamanan
TXT0480,Ekonomi
TXT0481,Politik
TXT0482,Pertahanan dan Keamanan
TXT0483,Politik
TXT0484,Politik
TXT0485,Politik
TXT0486,Politik
TXT0487,Ideologi
TXT0488,Politik
TXT0489,Ekonomi
TXT0490,Politik
TXT0491,Politik
TXT0492,Ideologi
TXT0493,Sosial Budaya
TXT0494,Ekonomi
TXT0495,Politik
TXT0496,Ekonomi
TXT0497,Politik
TXT0498,Sosial Budaya
TXT0499,Ekonomi
TXT0500,Sosial Budaya
TXT0501,Politik
TXT0502,Ideologi
TXT0503,Ideologi
TXT0504,Sosial Budaya
TXT0505,Ekonomi
TXT0506,Ideologi
TXT0507,Ideologi
TXT0508,Ekonomi
TXT0509,Politik
TXT0510,Politik
TXT0511,Ideologi
TXT0512,Ekonomi
TXT0513,Politik
TXT0514,Politik
TXT0515,Politik
TXT0516,Sosial Budaya
TXT0517,Politik
TXT0518,Ekonomi
TXT0519,Ideologi
TXT0520,Sosial Budaya
TXT0521,Ekonomi
TXT0522,Politik
TXT0523,Politik
TXT0524,Politik
TXT0525,Pertahanan dan Keamanan
TXT0526,Ekonomi
TXT0527,Politik
TXT0528,Politik
TXT0529,Sosial Budaya
TXT0530,Ideologi
TXT0531,Politik
TXT0532,Sosial Budaya
TXT0533,Pertahanan dan Keamanan
TXT0534,Sosial Budaya
TXT0535,Politik
TXT0536,Ideologi
TXT0537,Politik
TXT0538,Politik
TXT0539,Politik
TXT0540,Politik
TXT0541,Ideologi
TXT0542,Politik
TXT0543,Politik
TXT0544,Politik
TXT0545,Politik
TXT0546,Ekonomi
TXT0547,Politik
TXT0548,Ekonomi
TXT0549,Ekonomi
TXT0550,Politik
TXT0551,Sumber Daya Alam
TXT0552,Politik
TXT0553,Pertahanan dan Keamanan
TXT0554,Politik
TXT0555,Politik
TXT0556,Politik
TXT0557,Pertahanan dan Keamanan
TXT0558,Ideologi
TXT0559,Ideologi
TXT0560,Pertahanan dan Keamanan
TXT0561,Ekonomi
TXT0562,Sosial Budaya
TXT0563,Politik
TXT0564,Ekonomi
TXT0565,Ekonomi
TXT0566,Ekonomi
TXT0567,Ekonomi
TXT0568,Ekonomi
TXT0569,Pertahanan dan Keamanan
TXT0570,Ekonomi
TXT0571,Ideologi
TXT0572,Ekonomi
TXT0573,Politik
TXT0574,Politik
TXT0575,Pertahanan dan Keamanan
TXT0576,Ekonomi
TXT0577,Ideologi
TXT0578,Politik
TXT0579,Politik
TXT0580,Ideologi
TXT0581,Politik
TXT0582,Politik
TXT0583,Pertahanan dan Keamanan
TXT0584,Politik
TXT0585,Ideologi
TXT0586,Politik
TXT0587,Politik
TXT0588,Ekonomi
TXT0589,Sumber Daya Alam
TXT0590,Politik
TXT0591,Politik
TXT0592,Politik
TXT0593,Politik
TXT0594,Politik
TXT0595,Ideologi
TXT0596,Politik
TXT0597,Ideologi
TXT0598,Ekonomi
TXT0599,Ekonomi
TXT0600,Sosial Budaya
TXT0601,Politik
TXT0602,Politik
TXT0603,Politik
TXT0604,Politik
TXT0605,Ideologi
TXT0606,Politik
TXT0607,Pertahanan dan Keamanan
TXT0608,Politik
TXT0609,Politik
TXT0610,Ekonomi
TXT0611,Pertahanan dan Keamanan
TXT0612,Ekonomi
TXT0613,Sosial Budaya
TXT0614,Politik
TXT0615,Politik
TXT0616,Sosial Budaya
TXT0617,Pertahanan dan Keamanan
TXT0618,Pertahanan dan Keamanan
TXT0619,Ideologi
TXT0620,Pertahanan dan Keamanan
TXT0621,Politik
TXT0622,Ekonomi
TXT0623,Politik
TXT0624,Politik
TXT0625,Politik
TXT0626,Sumber Daya Alam
TXT0627,Politik
TXT0628,Pertahanan dan Keamanan
TXT0629,Politik
TXT0630,Pertahanan dan Keamanan
TXT0631,Politik
TXT0632,Pertahanan dan Keamanan
TXT0633,Ideologi
TXT0634,Politik
TXT0635,Politik
TXT0636,Ekonomi
TXT0637,Politik
TXT0638,Politik
TXT0639,Sosial Budaya
TXT0640,Politik
TXT0641,Ideologi
TXT0642,Sosial Budaya
TXT0643,Ekonomi
TXT0644,Ideologi
TXT0645,Politik
TXT0646,Politik
TXT0647,Politik
TXT0648,Politik
TXT0649,Politik
TXT0650,Pertahanan dan Keamanan
TXT0651,Ekonomi
TXT0652,Politik
TXT0653,Politik
TXT0654,Politik
TXT0655,Sosial Budaya
TXT0656,Politik
TXT0657,Politik
TXT0658,Ideologi
TXT0659,Pertahanan dan Keamanan
TXT0660,Sosial Budaya
TXT0661,Politik
TXT0662,Politik
TXT0663,Politik
TXT0664,Ekonomi
TXT0665,Politik
TXT0666,Politik
TXT0667,Demografi
TXT0668,Ideologi
TXT0669,Ideologi
TXT0670,Pertahanan dan Keamanan
TXT0671,Ideologi
TXT0672,Politik
TXT0673,Pertahanan dan Keamanan
TXT0674,Ideologi
TXT0675,Pertahanan dan Keamanan
TXT0676,Ekonomi
TXT0677,Ekonomi
TXT0678,Pertahanan dan Keamanan
TXT0679,Politik
TXT0680,Sosial Budaya
TXT0681,Politik
TXT0682,Pertahanan dan Keamanan
TXT0683,Politik
TXT0684,Politik
TXT0685,Ekonomi
TXT0686,Pertahanan dan Keamanan
TXT0687,Sosial Budaya
TXT0688,Politik
TXT0689,Sosial Budaya
TXT0690,Politik
TXT0691,Politik
TXT0692,Politik
TXT0693,Ekonomi
TXT0694,Politik
TXT0695,Sosial Budaya
TXT0696,Ekonomi
TXT0697,Politik
TXT0698,Ideologi
TXT0699,Sosial Budaya
TXT0700,Politik
TXT0701,Politik
TXT0702,Politik
TXT0703,Ideologi
TXT0704,Politik
TXT0705,Geografi
TXT0706,Ekonomi
TXT0707,Sosial Budaya
TXT0708,Politik
TXT0709,Sosial Budaya
TXT0710,Politik
TXT0711,Politik
TXT0712,Pertahanan dan Keamanan
TXT0713,Politik
TXT0714,Pertahanan dan Keamanan
TXT0715,Politik
TXT0716,Politik
TXT0717,Geografi
TXT0718,Ekonomi
TXT0719,Pertahanan dan Keamanan
TXT0720,Pertahanan dan Keamanan
TXT0721,Sumber Daya Alam
TXT0722,Politik
TXT0723,Sosial Budaya
TXT0724,Ideologi
TXT0725,Ideologi
TXT0726,Ideologi
TXT0727,Sosial Budaya
TXT0728,Politik
TXT0729,Geografi
TXT0730,Politik
TXT0731,Pertahanan dan Keamanan
TXT0732,Ekonomi
TXT0733,Ideologi
TXT0734,Ideologi
TXT0735,Politik
TXT0736,Geografi
TXT0737,Politik
TXT0738,Politik
TXT0739,Politik
TXT0740,Ideologi
TXT0741,Ekonomi
TXT0742,Politik
TXT0743,Politik
TXT0744,Ekonomi
TXT0745,Politik
TXT0746,Pertahanan dan Keamanan
TXT0747,Sosial Budaya
TXT0748,Ideologi
TXT0749,Ideologi
TXT0750,Politik
TXT0751,Politik
TXT0752,Ideologi
TXT0753,Politik
TXT0754,Politik
TXT0755,Sumber Daya Alam
TXT0756,Politik
TXT0757,Politik
TXT0758,Sosial Budaya
TXT0759,Politik
TXT0760,Politik
TXT0761,Politik
TXT0762,Politik
TXT0763,Politik
TXT0764,Ekonomi
TXT0765,Politik
TXT0766,Pertahanan dan Keamanan
TXT0767,Ideologi
TXT0768,Pertahanan dan Keamanan
TXT0769,Pertahanan dan Keamanan
TXT0770,Sosial Budaya
TXT0771,Ekonomi
TXT0772,Ekonomi
TXT0773,Ideologi
TXT0774,Ideologi
TXT0775,Sumber Daya Alam
TXT0776,Politik
TXT0777,Politik
TXT0778,Ekonomi
TXT0779,Politik
TXT0780,Ekonomi
TXT0781,Ideologi
TXT0782,Sosial Budaya
TXT0783,Politik
TXT0784,Politik
TXT0785,Sosial Budaya
TXT0786,Politik
TXT0787,Politik
TXT0788,Ideologi
TXT0789,Ideologi
TXT0790,Pertahanan dan Keamanan
TXT0791,Politik
TXT0792,Ideologi
TXT0793,Ekonomi
TXT0794,Ekonomi
TXT0795,Ideologi
TXT0796,Politik
TXT0797,Politik
TXT0798,Politik
TXT0799,Pertahanan dan Keamanan
TXT0800,Politik
TXT0801,Ekonomi
TXT0802,Politik
TXT0803,Politik
TXT0804,Ideologi
TXT0805,Ideologi
TXT0806,Ideologi
TXT0807,Sosial Budaya
TXT0808,Sosial Budaya
TXT0809,Politik
TXT0810,Ekonomi
TXT0811,Politik
TXT0812,Ideologi
TXT0813,Ideologi
TXT0814,Politik
TXT0815,Politik
TXT0816,Politik
TXT0817,Ekonomi
TXT0818,Politik
TXT0819,Politik
TXT0820,Ekonomi
TXT0821,Politik
TXT0822,Ekonomi
TXT0823,Ekonomi
TXT0824,Ideologi
TXT0825,Politik
TXT0826,Politik
TXT0827,Pertahanan dan Keamanan
TXT0828,Ideologi
TXT0829,Politik
TXT0830,Politik
TXT0831,Politik
TXT0832,Politik
TXT0833,Sosial Budaya
TXT0834,Politik
TXT0835,Pertahanan dan Keamanan
TXT0836,Politik
TXT0837,Ideologi
TXT0838,Politik
TXT0839,Ideologi
TXT0840,Ekonomi
TXT0841,Ekonomi
TXT0842,Politik
TXT0843,Politik
TXT0844,Politik
TXT0845,Politik
TXT0846,Pertahanan dan Keamanan
TXT0847,Politik
TXT0848,Politik
TXT0849,Ekonomi
TXT0850,Demografi
TXT0851,Ideologi
TXT0852,Ideologi
TXT0853,Ekonomi
TXT0854,Politik
TXT0855,Sosial Budaya
TXT0856,Ekonomi
TXT0857,Pertahanan dan Keamanan
TXT0858,Pertahanan dan Keamanan
TXT0859,Politik
TXT0860,Politik
TXT0861,Politik
TXT0862,Politik
TXT0863,Ekonomi
TXT0864,Pertahanan dan Keamanan
TXT0865,Politik
TXT0866,Politik
TXT0867,Ideologi
TXT0868,Politik
TXT0869,Ideologi
TXT0870,Ekonomi
TXT0871,Pertahanan dan Keamanan
TXT0872,Pertahanan dan Keamanan
TXT0873,Ekonomi
TXT0874,Politik
TXT0875,Politik
TXT0876,Ideologi
TXT0877,Politik
TXT0878,Politik
TXT0879,Ekonomi
TXT0880,Sosial Budaya
TXT0881,Politik
TXT0882,Pertahanan dan Keamanan
TXT0883,Ideologi
TXT0884,Politik
TXT0885,Pertahanan dan Keamanan
TXT0886,Politik
TXT0887,Sumber Daya Alam
TXT0888,Ideologi
TXT0889,Ekonomi
TXT0890,Pertahanan dan Keamanan
TXT0891,Politik
TXT0892,Pertahanan dan Keamanan
TXT0893,Ideologi
TXT0894,Ideologi
TXT0895,Ideologi
TXT0896,Demografi
TXT0897,Politik
TXT0898,Politik
TXT0899,Politik
TXT0900,Ekonomi
TXT0901,Sosial Budaya
TXT0902,Ideologi
TXT0903,Politik
TXT0904,Politik
TXT0905,Politik
TXT0906,Pertahanan dan Keamanan
TXT0907,Pertahanan dan Keamanan
TXT0908,Politik
TXT0909,Ideologi
TXT0910,Politik
TXT0911,Pertahanan dan Keamanan
TXT0912,Pertahanan dan Keamanan
TXT0913,Ekonomi
TXT0914,Politik
TXT0915,Politik
TXT0916,Ekonomi
TXT0917,Politik
TXT0918,Pertahanan dan Keamanan
TXT0919,Ekonomi
TXT0920,Politik
TXT0921,Politik
TXT0922,Sumber Daya Alam
TXT0923,Politik
TXT0924,Pertahanan dan Keamanan
TXT0925,Politik
TXT0926,Demografi
TXT0927,Politik
TXT0928,Ekonomi
TXT0929,Pertahanan dan Keamanan
TXT0930,Politik
TXT0931,Politik
TXT0932,Politik
TXT0933,Politik
TXT0934,Ideologi
TXT0935,Politik
TXT0936,Ekonomi
TXT0937,Ideologi
TXT0938,Politik
TXT0939,Politik
TXT0940,Politik
TXT0941,Politik
TXT0942,Politik
TXT0943,Politik
TXT0944,Politik
TXT0945,Ekonomi
TXT0946,Sosial Budaya
TXT0947,Ekonomi
TXT0948,Politik
TXT0949,Ekonomi
TXT0950,Ideologi
TXT0951,Politik
TXT0952,Pertahanan dan Keamanan
TXT0953,Politik
TXT0954,Politik
TXT0955,Politik
TXT0956,Politik
TXT0957,Sosial Budaya
TXT0958,Politik
TXT0959,Politik
TXT0960,Demografi
TXT0961,Pertahanan dan Keamanan
TXT0962,Politik
TXT0963,Ekonomi
TXT0964,Ideologi
TXT0965,Politik
TXT0966,Politik
TXT0967,Ideologi
TXT0968,Politik
TXT0969,Politik
TXT0970,Politik
TXT0971,Ideologi
TXT0972,Pertahanan dan Keamanan
TXT0973,Politik
TXT0974,Politik
TXT0975,Sosial Budaya
TXT0976,Politik
TXT0977,Pertahanan dan Keamanan
TXT0978,Politik
TXT0979,Politik
TXT0980,Politik
TXT0981,Ekonomi
TXT0982,Politik
TXT0983,Politik
TXT0984,Pertahanan dan Keamanan
TXT0985,Politik
TXT0986,Politik
TXT0987,Pertahanan dan Keamanan
TXT0988,Pertahanan dan Keamanan
TXT0989,Politik
TXT0990,Politik
TXT0991,Politik
TXT0992,Politik
TXT0993,Ideologi
TXT0994,Ideologi
TXT0995,Politik
TXT0996,Ekonomi
TXT0997,Politik
TXT0998,Politik
TXT0999,Ekonomi
TXT1000,Politik
