id,matchup
80884,4
44867,5
110878,4
146013,4
145148,0
91242,3
127328,5
128674,6
146910,3
151087,5
61019,3
77442,3
128467,6
129434,4
108176,4
69661,3
146146,5
104756,3
148902,5
111112,4
90402,4
82886,7
42660,4
123722,4
124203,3
76781,3
90266,3
77691,4
44030,6
94420,3
105847,3
111056,4
104661,4
76942,4
43570,7
145305,7
90392,3
104435,5
81195,6
108594,4
108453,5
109619,7
93741,0
69656,3
67908,4
83182,4
42086,3
42123,4
61471,3
123369,3
149254,6
61341,4
103821,5
125292,4
68228,7
61617,5
108008,4
42595,2
95898,5
77786,4
67758,3
103492,5
76493,4
62159,4
128282,4
110144,4
127889,0
88976,5
109698,6
94988,5
146348,7
77419,3
93966,5
81539,5
105271,3
45434,4
148636,2
107871,7
94935,4
45849,2
104496,4
47727,4
82250,5
42397,4
149991,5
107298,6
149485,5
150396,4
148667,7
126551,3
45008,2
129463,3
75610,4
84043,4
129962,3
94906,0
150190,4
66921,7
96357,0
69929,3
61193,3
81771,5
108084,5
148734,7
146998,3
105232,4
47788,7
75977,6
108053,4
148652,0
61620,4
94056,7
94001,6
43041,2
109327,0
111159,7
108314,6
81717,5
45009,4
89586,4
60832,3
94073,5
81393,2
76420,0
104081,4
124781,3
82804,2
151085,7
45961,4
81032,2
127038,4
149133,7
129898,7
89747,3
109943,0
80542,2
76282,4
68996,3
128619,4
46454,4
75769,5
43030,4
67933,3
109677,6
146035,0
61742,3
125271,4
124914,7
105174,7
127986,3
43474,4
43829,4
124801,3
148156,7
127140,3
89415,3
127409,4
149771,6
127309,2
107208,6
42502,2
46390,5
150402,5
83911,4
67142,6
94615,4
148202,7
129704,3
148291,6
148602,7
95348,5
151100,5
83423,2
146654,5
82089,3
124846,4
83740,6
148548,7
107832,6
61692,3
104896,3
128750,4
93594,0
95169,4
46626,3
42237,4
146940,3
150849,4
124573,4
109573,5
150073,5
108359,4
93089,7
90146,5
45565,2
107280,5
47824,3
147297,5
81331,4
124837,4
67530,3
145341,7
123665,5
84113,7
108649,7
42337,2
80703,7
129269,3
68530,6
46905,6
82084,5
148087,5
150341,7
95047,5
90825,4
68489,7
90904,5
146725,7
124397,4
146696,4
60906,3
84085,4
148021,6
105648,3
107170,6
91144,3
128764,6
105055,4
149902,5
69823,3
149669,5
81760,2
111234,3
94910,3
107435,3
92918,4
104197,3
124795,5
67038,4
148743,7
68223,4
127638,7
47738,2
146419,0
104741,4
148646,7
105405,3
105525,4
93526,3
76215,4
105261,5
149295,7
76743,4
145283,4
61015,3
146061,4
146705,3
148405,7
82164,7
81532,7
67607,3
129450,0
123913,4
103489,6
62520,4
93840,7
47216,5
90534,4
75510,7
94162,5
126838,5
109530,5
91325,7
110246,0
129860,7
149398,4
61691,3
128775,3
125285,5
75904,3
105310,0
125119,4
147214,3
47980,4
88757,4
90206,7
145295,4
147921,7
96281,7
68759,3
145378,4
42148,4
108702,5
88819,6
129417,4
145459,4
89009,4
91360,4
96459,7
61308,3
47721,5
109160,3
47635,5
95236,4
75795,4
43581,3
42959,2
106005,3
127230,0
83058,2
95284,6
77593,6
109111,5
43749,4
44874,4
149797,5
84005,4
109412,4
61364,4
77323,4
47129,4
77555,2
145345,4
126719,3
83704,5
68943,3
62862,5
91143,7
61332,3
42873,2
146980,3
77851,3
93588,5
76003,2
127442,5
89606,4
42455,3
61598,3
45040,2
94504,0
81586,4
104797,3
77114,7
61888,3
68539,3
128849,3
69513,3
43085,4
106335,4
81706,2
95644,4
94266,4
124093,4
110991,4
61230,5
125254,6
47289,7
148892,4
90660,4
68271,4
110642,4
83692,2
128030,5
147958,7
62584,4
42616,4
107795,0
81688,4
46103,2
149414,7
77212,7
105652,3
88995,3
128165,5
95958,0
147370,4
90371,0
68093,3
127568,3
111174,4
77410,3
76428,4
123649,4
129838,4
47375,7
83895,4
104564,3
103549,5
75713,5
150035,7
62496,3
103915,4
108215,3
47724,4
43142,2
127971,7
75754,3
46243,2
48002,4
80812,2
126799,7
103887,3
42758,2
82763,2
145857,3
46745,6
83992,2
125065,3
42682,2
43427,4
42425,3
77176,2
129475,4
83289,2
150426,7
94092,4
61916,3
104630,7
43453,4
45103,4
67389,3
104226,4
94617,4
83366,2
151117,5
110343,4
44859,2
123618,4
105973,4
90769,5
81623,7
76163,3
91464,7
105178,7
96454,4
123899,6
126857,3
123986,7
151205,0
126990,4
45637,4
76271,2
62382,6
108643,3
150518,2
125418,7
42536,3
125449,3
95221,7
91068,4
90438,4
44992,4
95880,7
94272,5
146523,4
147417,6
46602,4
145310,7
128083,6
43458,4
103547,3
82814,4
94941,4
46665,2
68284,4
67808,5
61175,3
123942,4
108689,4
77267,4
42098,3
45024,4
43690,4
128581,3
106182,4
150078,6
109183,7
124121,4
95830,5
106987,5
145945,4
82543,2
127612,5
151048,4
103815,5
83144,6
80628,5
150897,5
107403,7
88954,4
46838,2
106165,4
94152,4
124053,5
62562,3
67486,4
46622,4
90021,3
62757,3
47835,4
96363,5
148201,5
46156,6
45320,4
124544,3
127241,4
149983,2
67567,3
77080,4
75698,6
69955,4
126707,6
42197,2
105444,7
43661,2
104491,4
124220,7
44919,3
108627,5
43776,4
148097,7
43361,2
108788,5
82453,6
69916,3
88870,4
62289,3
46617,7
125161,3
148524,7
92822,6
124163,5
95971,4
129374,4
109532,4
90027,4
94930,4
103946,4
45571,4
123671,3
109444,4
127480,3
47476,4
62383,7
106319,5
106383,4
69425,3
76713,2
148235,6
89509,4
103450,4
127157,6
46241,2
83777,2
123518,4
47201,4
107818,6
67226,3
45866,4
105244,6
62271,3
124630,4
106066,4
123969,4
149944,4
106396,4
68985,5
148131,7
46334,4
147228,7
76371,3
129572,4
84073,2
147110,7
90195,4
106229,4
46005,4
69426,7
80664,2
69084,3
126895,5
43134,6
45615,2
61433,4
93950,0
43912,4
108880,5
67121,6
108852,7
82621,2
83007,4
107466,5
89432,4
149282,4
67612,5
145602,5
123409,4
95009,5
105131,0
123967,4
150656,7
42948,3
47594,4
108083,5
46522,4
82569,7
89968,6
106280,4
44961,6
107035,6
42907,6
68647,3
45648,4
43353,4
90773,7
150005,4
147836,7
123778,5
145846,6
147844,7
67931,0
69709,6
123657,3
46698,4
75617,4
69665,7
104524,4
125148,4
128055,0
95575,4
67822,5
62080,3
145608,3
109280,4
88734,3
69863,6
109787,7
107612,5
45694,2
105908,3
92881,5
43803,4
81454,7
95682,4
148419,4
91448,3
42550,5
90102,5
43977,3
46469,5
68106,7
76811,2
94559,0
107366,4
42922,2
107809,0
67382,3
81736,7
150763,5
77819,2
94228,7
103860,3
96351,3
91241,5
146072,6
67928,3
123372,4
47080,2
124610,4
77738,2
150330,4
146333,3
125186,3
47408,4
43572,4
47540,3
147175,0
61048,3
90871,7
80615,6
42598,4
149505,5
75711,7
111255,4
90274,3
105607,4
47571,4
76142,5
83385,0
104742,3
90171,7
43410,5
61564,3
67665,4
149523,7
61543,7
83172,4
146062,3
108753,7
77095,5
62643,4
61266,3
43120,4
89013,5
106334,4
69291,5
96204,5
150332,4
145555,4
127870,3
125266,4
146493,7
108926,3
77342,4
127029,4
124486,3
128554,5
69024,7
148415,7
80871,4
145912,4
128209,4
94995,0
62061,3
105922,3
107842,4
47569,3
81381,2
92851,5
146036,4
124004,7
62160,3
42963,2
128813,5
107722,0
82655,2
150945,4
96386,5
149787,0
82346,2
110453,7
125249,5
107517,0
128767,3
108384,4
61150,3
83617,2
67246,3
46453,4
68249,7
106354,4
149123,0
95717,5
45688,2
94828,5
105528,5
81387,6
128685,4
107039,6
75538,3
77159,7
80547,4
125261,4
67954,3
43643,4
77408,3
61979,4
62535,3
105278,4
42351,4
66932,4
104280,7
62114,4
147404,7
149221,7
148448,6
104315,7
42205,5
129782,6
60902,4
107986,0
128736,5
93199,5
96175,4
44868,4
83229,2
90119,3
81385,4
82150,2
96181,4
94263,4
42456,2
45481,4
107918,4
83521,7
148924,7
46610,4
43102,3
45561,5
45407,3
149403,5
108370,5
148510,4
46545,4
80565,2
66952,3
103704,4
45933,4
150336,4
149496,7
104292,4
96548,7
77546,2
77219,5
146389,7
147420,5
105195,5
80830,5
128525,5
104984,4
151232,4
89548,3
123591,4
127311,4
61783,3
89406,5
124249,5
146719,7
67523,3
93947,6
61173,3
91167,5
83551,2
43966,2
124549,5
96246,0
125404,7
124438,5
46253,5
147480,4
94968,7
76848,4
128334,4
46736,5
76851,3
149109,4
43529,2
84078,5
83763,2
46794,4
149538,7
89249,5
42911,2
124737,5
128713,0
127450,4
43355,3
105236,5
89481,4
81889,2
128802,5
111000,7
42859,3
107915,3
80875,7
148880,5
124542,7
125128,3
69856,3
42585,2
110551,4
95667,0
61524,7
147116,6
62001,4
77684,3
123685,7
146021,4
42045,5
146919,0
146193,5
109208,7
93706,4
91106,7
148293,5
104485,3
105776,6
43124,4
109888,0
145956,4
150207,5
128296,5
89142,3
147235,6
45153,5
93503,4
145486,7
47018,5
76499,2
77197,0
125159,4
150038,7
60798,5
95137,7
129868,6
80948,5
93636,0
123397,6
83163,5
109649,4
75619,3
46361,7
94800,4
69378,5
47166,3
149609,2
146560,5
42668,6
109486,3
128159,7
107754,5
146166,0
93294,7
42988,2
95461,4
69366,3
46017,7
44974,4
61579,4
109026,0
106355,3
127944,4
124734,5
89320,4
146945,3
126594,3
111253,6
83519,4
148204,7
96418,7
94148,4
110776,0
45548,2
45454,5
43806,2
126706,7
81597,5
96387,0
110205,4
45034,7
69827,3
81175,4
93609,5
145247,4
105732,4
68698,5
42297,3
147058,3
145636,3
60932,4
42028,2
146677,4
108079,6
62563,3
146741,7
146369,6
77722,4
146250,4
109762,3
123933,3
47251,4
110019,5
77067,5
123544,4
149383,5
146986,6
46543,4
42913,3
149035,2
82144,2
94273,4
83410,4
107907,4
128026,5
108956,5
42092,4
128418,4
83500,3
104622,4
128976,5
104086,0
92775,6
44808,4
60941,3
106416,4
146570,3
105942,3
104156,4
104067,3
61963,3
109469,4
128311,4
105772,6
148570,5
90393,7
149992,7
92860,7
89276,5
129611,3
104133,3
60956,4
89675,5
110801,4
147928,6
89991,3
45027,3
77023,5
80651,7
75967,3
68206,3
82239,2
123958,4
147310,4
83658,2
104062,3
47797,3
47117,4
105369,4
43725,4
105763,4
89888,7
45786,2
145456,4
46804,4
62652,6
69680,3
47860,2
43128,2
47162,4
129046,4
66994,3
42049,2
94051,3
76125,3
104429,3
105409,5
109312,4
126798,7
62024,3
123347,3
145818,4
94897,4
81712,7
68130,4
83291,2
145778,4
46539,4
89995,3
82800,2
94069,3
103641,5
124198,3
62366,3
80606,2
68529,7
45091,2
146281,4
90359,4
129535,4
69685,3
109393,4
129934,5
128356,5
108829,0
109512,6
94020,7
46516,6
126952,7
109814,6
88896,4
44986,3
106432,4
149551,5
42433,3
128705,5
94112,6
95508,5
149237,5
76968,7
82643,4
68643,3
69474,4
80858,4
128106,5
123895,0
76948,7
149314,7
103886,4
90298,3
44937,2
80906,2
89173,7
104094,6
147249,4
62846,4
110109,6
110866,4
123774,3
104671,7
150377,2
77312,2
67973,3
69562,3
47427,4
104141,4
62534,5
82673,2
89818,4
43236,2
83734,2
147351,5
89215,4
107590,4
83881,4
110961,4
145549,4
108307,7
67490,3
69174,3
46714,3
150567,4
106104,0
123637,4
77652,5
62435,3
124292,0
111134,4
105653,3
66981,7
45263,4
95649,7
146304,5
129872,5
110448,3
96557,7
109214,7
45758,4
89393,5
81398,2
103993,7
104115,4
82940,4
147337,7
146701,3
110378,0
145307,3
44003,4
105385,5
125273,0
148899,4
68622,3
82696,2
67664,5
75940,3
77220,2
124932,4
94850,5
46287,4
107081,4
145867,7
109841,4
42729,3
150759,5
77147,4
128308,7
68546,3
107909,3
148013,7
42966,5
123286,4
62630,6
127555,7
96569,5
67585,3
47232,3
89362,5
145383,5
123294,4
47361,4
90185,4
81281,7
129438,0
129781,0
76002,3
93559,6
67319,7
44008,4
82289,7
109170,7
125187,6
67879,3
129780,5
124905,3
82764,7
90851,5
147467,0
127850,4
123498,3
43038,2
88748,0
93263,4
107098,5
105698,5
47111,5
151221,0
91051,7
82119,2
67870,3
77386,4
95471,3
104051,4
146299,3
61681,4
148999,4
42635,3
46710,5
45959,4
108154,7
128534,7
42483,2
149406,7
69755,5
151270,7
62153,3
145164,4
89567,4
146286,4
42664,2
150542,7
80717,5
129055,0
68543,3
127671,5
110888,5
103469,5
46495,4
127554,4
60916,3
110882,4
150853,0
123430,5
77008,4
123323,4
89035,4
62609,3
125314,6
69866,7
128898,4
145267,3
89498,3
111235,4
84129,0
123841,3
46720,5
77453,4
107812,4
42806,2
47865,4
45285,2
107662,5
67481,3
90940,7
124735,4
104351,4
67118,4
129044,5
128544,7
145578,5
109805,4
126806,7
82915,4
77254,3
94902,5
147099,3
146700,5
124507,4
111168,7
145755,3
105132,3
107786,7
76329,7
146114,4
128800,5
69529,5
82672,4
110226,6
145256,7
127930,5
105663,5
76890,3
42580,3
69098,3
43501,4
96576,7
89132,4
145644,4
127176,4
123910,5
103566,4
83465,6
47108,4
42056,5
149166,0
145914,7
90351,4
46781,5
147158,3
90084,5
80691,5
42314,4
105217,0
108958,4
76869,4
42165,4
103423,3
145626,4
45542,2
128006,4
107006,4
82215,7
47045,7
61101,3
67551,3
124477,7
88743,4
146227,4
77588,4
45232,4
46621,3
95591,6
83375,2
127352,4
46684,7
124124,5
43069,2
94918,0
43346,4
94000,7
107025,7
96250,4
68375,3
106369,4
103476,4
62497,4
90831,5
125321,7
81185,4
148357,7
105605,4
146552,4
84105,6
76214,4
46114,2
124728,4
69239,0
80583,4
150530,7
75865,4
89550,5
128109,0
105986,4
149885,7
96095,6
105546,3
82160,2
124327,4
61779,5
46895,4
110990,7
82330,2
146186,3
67001,7
75804,4
47827,6
103453,7
89401,4
62264,3
67111,4
46242,5
43406,2
94081,7
60937,4
150733,2
47149,4
105170,4
46546,2
110581,3
150408,4
75697,4
81846,2
124729,4
126749,3
105595,3
124763,3
46969,5
69271,3
47778,7
68863,5
83818,5
80797,2
83011,5
123705,4
129265,5
43239,5
127545,7
42419,3
47539,4
62659,3
91377,4
45482,4
110691,5
145522,3
77412,2
146164,4
68393,6
123524,5
105634,7
105613,3
88735,6
91300,7
76973,4
128623,5
109182,5
104849,7
42009,4
150715,7
93600,6
45143,4
91396,7
62550,4
62282,3
111068,7
46195,5
61596,3
104944,3
80865,2
47460,2
81854,5
91159,6
124663,5
94960,7
127445,4
47397,4
77640,4
129549,0
104006,4
77914,2
111227,3
69768,3
149881,5
104238,4
148454,6
47404,4
104532,5
129626,5
109735,0
67120,4
89468,6
62349,3
82982,5
77978,5
81211,2
105760,4
47196,2
104593,0
146353,4
148877,4
109158,4
67447,3
146403,4
62732,3
148509,2
150174,5
81912,4
148715,2
150196,7
150489,5
93578,5
108269,4
145297,3
107250,4
126821,5
129026,4
76764,7
147515,4
45805,4
107944,3
90525,5
95527,5
75558,0
110681,4
67366,5
66944,7
43796,4
76197,3
128132,0
43116,4
127269,4
77045,6
83307,4
91439,4
43611,4
124791,5
81746,2
103671,4
106219,4
82507,2
68040,3
124920,7
110269,4
62122,4
149569,7
95411,7
77103,7
104059,5
69962,3
89114,5
89690,5
45858,2
127203,6
89649,3
43231,3
77986,4
46815,4
149366,4
124810,3
83231,6
104987,7
67689,5
67756,5
89394,4
60852,3
110164,5
61344,3
69251,3
90959,4
96096,6
125307,5
149727,4
44975,4
126948,4
124007,5
45719,4
107730,6
83416,5
82454,7
42317,3
75820,6
45303,2
90120,4
68433,5
109067,5
62491,6
110535,4
151333,5
46505,2
110598,5
93988,5
95401,4
68706,3
105651,4
80978,4
89847,7
67934,5
83674,5
47883,3
109641,0
124488,3
67238,5
148955,0
149200,2
77896,2
94235,5
145961,4
148014,6
125446,4
108488,4
128324,5
67592,5
124871,4
91071,4
47422,5
80630,7
107770,4
149432,5
128877,5
77595,5
89897,7
151140,7
68474,3
124575,5
61607,3
108601,4
43891,2
146130,3
105029,3
127027,7
146320,4
62285,3
96217,5
88770,3
149649,7
93189,4
94109,5
128343,7
42262,2
42256,2
45573,4
47686,5
62096,3
81468,4
68075,7
62384,6
42711,6
110842,4
62427,4
109499,0
67967,7
91309,6
43141,2
92820,7
128689,4
68017,3
60905,4
88793,7
149067,0
145405,3
82912,4
127556,5
96267,6
145169,4
95218,6
149604,6
95258,4
148450,7
124158,5
128321,4
45157,4
67611,4
82991,2
129181,6
150268,7
46154,6
47000,5
146155,3
124047,7
147460,3
83184,2
110258,5
128894,3
149115,7
46255,4
89986,3
111200,5
149206,0
125332,4
94128,4
60980,3
105092,3
91207,4
95680,5
128529,5
44882,5
146641,5
69063,3
47333,4
80679,4
43431,6
89023,5
124627,4
128789,3
145645,6
150499,5
61321,3
77467,4
77536,4
90609,4
149839,5
148731,0
82998,5
75930,3
42150,5
110444,5
43903,4
147206,7
80829,5
46459,4
150365,4
46660,5
146740,7
61248,5
145674,4
145302,4
149633,5
43896,2
82477,4
95867,7
45642,7
62136,3
127092,5
67818,3
110079,4
95560,0
45479,4
109167,5
123743,5
145496,3
93771,6
149101,6
146840,7
76504,3
94218,7
68402,5
77699,6
62346,4
109354,5
89339,4
95011,4
149439,2
47649,4
150086,5
94245,0
62780,3
90739,5
67645,5
88729,5
127849,6
46861,3
46849,2
62426,7
149231,7
61982,4
75655,7
105622,4
95353,6
96310,4
129619,5
94937,7
83378,5
77269,2
90022,4
44844,2
76597,4
95564,4
104628,5
82905,7
68637,3
108635,6
109856,4
123403,4
81449,2
46627,5
69973,3
42683,4
75586,4
44000,4
123936,4
123537,7
75688,4
146951,3
67018,5
90231,0
89983,4
105483,3
61231,4
147137,3
111166,6
62476,3
89419,4
151304,5
68730,7
107402,4
147309,6
109864,5
61522,6
104005,7
89037,4
147495,3
90465,5
145364,5
46412,4
150071,7
67352,3
43947,4
146825,6
77228,2
43394,3
148911,7
93231,5
83165,7
96008,0
127882,5
150592,7
46298,2
110564,4
83854,7
83766,2
69186,3
84116,6
70033,6
88875,4
129591,7
69077,3
96593,7
77873,7
76453,2
69630,3
149784,7
150070,7
104951,3
104580,4
47121,6
125311,3
66993,4
45460,4
129425,5
76303,5
47785,5
62644,3
80598,6
43813,3
80554,5
67742,3
93871,6
108064,4
67032,3
104037,4
90244,4
88928,6
69783,0
75579,3
83855,2
82972,2
147141,3
108786,4
145340,7
127908,5
94297,4
90400,0
76180,4
81045,7
111251,5
81306,7
67036,3
62315,3
81148,2
68677,3
104596,5
70008,3
91455,4
60988,5
77011,2
96040,4
80857,5
107290,4
96378,4
151263,7
104566,3
125005,5
46208,2
93986,7
90430,5
81579,2
124906,7
93417,7
68760,4
145389,6
96468,5
105049,7
128355,3
77388,4
129665,4
146367,5
90425,4
69085,4
89694,0
90958,4
77663,3
46715,4
69001,3
146242,5
127079,6
150998,0
124481,4
75918,3
93148,7
46318,5
89429,5
145268,4
95581,5
83238,0
61408,3
149716,2
81525,6
80794,2
80793,4
106308,3
109358,4
103540,6
47730,2
151302,4
127350,0
45346,5
76348,2
82063,2
61296,3
127874,7
90491,4
75737,3
75789,3
69327,3
89542,4
46481,4
83180,7
129663,5
61571,3
96595,4
151032,5
148486,5
109490,4
43616,2
124103,4
83139,4
60805,3
81711,2
62140,3
46808,4
47527,4
46419,2
128027,6
146798,3
82281,5
43338,7
149213,4
108626,3
84120,2
82631,2
149494,7
127726,6
47195,4
42784,4
89380,3
83358,7
68552,3
127056,4
62711,3
76885,3
62636,4
45808,4
148186,7
145966,7
105668,7
128858,3
127626,5
128263,6
62098,3
67925,4
104211,5
89166,0
123711,3
108451,5
149982,6
69446,6
46913,4
107121,5
62347,3
47197,4
110188,6
93084,7
123594,4
107797,7
45958,2
83279,5
45527,3
62438,5
145192,5
105900,6
69521,3
129537,4
42659,4
108221,4
95659,4
127749,3
94724,6
47638,2
44909,4
128093,4
103840,6
128569,5
45329,4
93686,4
61448,4
94487,5
105890,7
123275,4
67062,3
128915,7
91363,0
110770,7
104969,3
94901,3
127102,6
45468,4
69644,6
95264,5
147211,5
145841,0
67887,3
89118,3
110021,5
67474,5
43393,4
124796,3
81645,0
61772,3
67023,3
45879,2
146401,5
91039,4
45405,5
124077,4
47159,5
145235,4
46356,4
94605,4
90927,4
95517,4
108855,4
107815,4
45708,5
151220,4
46767,4
43384,4
91197,7
105060,4
66987,5
45516,4
128278,4
110727,0
69102,3
106116,6
148261,5
89169,3
96285,5
123847,5
69237,4
104890,7
88902,4
61473,4
42249,5
96521,4
124204,7
68162,3
129309,4
42997,5
145462,6
151368,7
123919,3
108588,3
77477,4
150293,5
106264,4
82571,4
105469,4
68199,3
109693,6
81665,7
43048,3
89093,5
43946,2
42537,4
61334,4
89691,3
82555,5
91252,4
77704,3
128289,3
68102,6
109338,7
67627,5
45386,5
69563,6
146237,3
148968,5
150344,7
84110,7
123503,4
70009,3
60783,2
149618,0
127147,4
103823,4
77545,2
90083,7
83062,5
123773,4
95754,6
77985,4
76048,5
149831,4
147199,3
47740,4
93745,0
145827,4
104737,4
96567,7
46159,4
89314,6
107220,4
124285,4
124717,4
94233,7
128573,6
110078,4
43423,3
80675,5
45048,5
42144,4
89802,7
110191,4
125208,4
68041,3
81565,2
126832,7
95283,6
42909,4
146361,3
75742,3
76337,2
106083,4
95632,4
127492,4
82903,2
105796,4
127119,5
96537,6
81084,4
91416,4
77224,2
129353,7
106998,5
150913,2
46368,7
44984,2
124043,6
76073,3
43792,3
42078,4
76208,2
147292,6
45765,2
124012,7
67850,4
47959,2
83047,2
146002,5
46351,2
95306,5
47760,5
46748,4
46433,4
61405,3
45938,4
89910,5
96334,4
147280,4
83998,4
126949,7
77730,4
126688,5
150879,7
45174,4
82590,2
83119,2
77281,2
90684,5
127235,4
128564,3
110206,7
127168,6
107889,6
88871,6
124144,4
108680,6
75852,6
124172,4
108967,5
67338,5
75592,4
46569,2
104035,3
82850,7
124314,4
107869,5
90257,4
108948,4
45689,4
42486,4
146499,4
129893,4
77617,2
89190,7
83030,7
108818,5
149713,7
76972,4
110441,6
82178,2
46238,4
61790,3
127143,5
147315,5
45129,5
123860,4
82206,4
76001,4
111037,4
109566,6
69499,3
145540,5
76850,4
95895,6
43833,4
47941,3
127548,4
81241,2
89171,5
103942,4
91347,4
89658,4
91094,4
45270,5
128288,5
42224,3
69138,3
76680,3
90019,7
94350,4
107200,4
80755,7
148083,7
43834,4
127902,5
94806,4
67336,7
151164,7
43569,4
123796,4
124647,4
91350,0
43261,4
128164,5
67833,7
150243,5
126897,4
82410,2
123536,4
42201,4
148530,5
147493,5
45379,5
92813,7
67421,5
77329,3
151107,5
104319,3
81727,5
92903,4
103596,4
45737,4
43560,3
104570,3
108973,4
128616,0
129585,7
123911,4
145184,4
107780,0
67737,3
109384,4
145401,4
124030,4
43732,4
95467,4
45558,4
108634,5
111267,7
127051,3
128531,7
82698,4
68929,3
128890,3
150546,6
129514,4
146710,6
151254,7
128366,5
146594,4
82100,2
124478,5
67705,5
149938,4
94066,6
127656,4
47172,4
82333,5
68409,5
103835,4
45718,5
46628,7
104765,6
90018,3
109759,4
69351,3
82060,4
149714,5
76302,4
147481,5
90215,7
126646,6
129500,0
61669,3
110347,0
147925,7
109850,5
88840,3
42738,3
82274,2
62163,4
128397,7
94382,5
45305,5
43630,4
62254,4
145808,7
93617,0
148051,5
76078,4
147886,6
42998,4
83002,7
83651,2
77803,2
148738,7
127703,6
76583,4
80938,2
103737,3
75987,3
108573,5
91426,5
83186,2
129862,5
43910,4
127393,5
95211,5
62171,4
43948,7
47925,2
43037,4
61764,5
83703,5
69888,0
108652,4
149138,4
147331,4
68013,6
151060,6
148915,6
103787,4
110224,7
91434,4
92804,0
129027,5
110867,4
46053,6
77748,4
104268,7
82890,4
76586,2
103573,4
110015,5
127982,5
82813,2
82993,2
61393,7
81555,2
145745,6
69172,3
148777,0
147902,7
68903,5
89242,6
123886,6
46001,4
107599,5
104608,5
104417,5
107694,0
66951,3
68531,0
67240,3
145495,5
151155,4
84126,4
91080,4
77119,4
129348,0
68524,3
145965,5
68437,5
82230,6
126789,0
147167,3
124002,5
108568,7
146053,7
77686,5
90510,0
76156,4
69170,4
129652,5
67549,3
77497,3
61580,4
77223,5
47676,6
42310,3
43932,3
147251,7
90980,7
90790,5
108336,4
103441,5
94158,7
129059,0
124080,4
103998,4
146406,4
147870,7
107586,7
62487,4
95912,0
108745,4
42114,2
62742,3
68321,3
94565,4
69137,3
69361,3
129138,4
43919,4
80557,4
94146,6
108968,7
106447,3
47510,3
90745,6
67661,3
108415,3
94323,4
96329,4
83209,2
68714,3
105165,3
127416,4
106436,4
81075,2
148144,4
147456,4
105340,7
109576,5
90945,3
146820,4
67037,5
82238,3
81046,2
83235,2
107611,4
91284,4
67496,3
61157,4
89123,4
69882,5
104464,4
107991,4
43717,4
127866,7
146612,7
147409,4
109180,7
124263,5
147082,4
77520,3
77941,3
151253,0
45427,5
128071,7
103951,7
62540,3
128921,7
124032,4
46777,4
80968,2
81095,2
148950,5
109097,4
108614,4
75811,7
89748,4
77610,4
67461,3
43874,2
150605,6
107489,6
81838,4
108219,3
103752,4
45186,4
75864,4
150497,6
47307,3
75771,3
94874,4
110231,4
43253,2
46940,4
127212,4
145811,4
62020,4
77368,3
83589,4
45136,4
150076,4
149012,6
106118,4
43870,4
93656,4
76865,4
83550,5
90560,4
67644,5
89684,7
89563,4
105140,4
77328,3
69156,4
148970,4
123588,3
62418,3
150929,7
124581,3
89054,6
124711,4
151072,4
93580,5
69365,5
128876,4
109317,0
62700,3
82003,2
148907,7
46819,2
67426,3
47134,2
47036,6
68381,3
61972,5
77724,7
42332,4
68659,7
91164,5
62440,3
93786,0
77822,4
47928,3
103534,4
94171,4
103525,7
108863,6
95370,4
127651,4
109800,4
75976,4
146077,6
146841,7
127710,4
81778,2
108103,4
104719,3
109242,4
43279,3
77358,2
105875,4
103650,5
149726,0
67402,6
93450,3
76615,4
89857,4
82099,4
93725,6
46983,4
42007,5
145524,5
46091,4
123799,6
82975,7
42141,4
127760,5
69518,3
81115,2
145212,6
148722,4
89591,5
105330,5
128292,5
94948,3
95403,4
42404,2
90045,5
77266,7
123924,4
91202,7
43256,2
60904,3
104917,7
95033,7
77723,4
128112,5
104751,4
123675,4
128851,6
103479,3
81560,2
45378,5
93273,4
42622,4
147045,5
105056,3
149711,5
145368,4
150933,7
111228,5
83863,4
76240,5
47415,4
46619,4
47328,4
91393,5
46116,4
83932,7
89538,3
89797,5
61244,3
45002,4
123661,0
83442,2
68311,7
109960,6
62123,5
108982,7
127920,4
82293,2
91184,3
76685,2
80688,0
93722,4
151050,5
109647,4
42252,4
76565,2
68832,3
110216,6
123364,3
107227,5
128809,0
60925,5
80726,2
94320,6
148183,5
69782,6
93553,4
148689,4
77396,3
45384,4
62590,5
43429,4
146590,7
148947,4
151234,0
81401,4
149957,4
76785,3
103740,4
68653,3
104929,3
123422,4
123584,5
44918,2
89721,7
107120,6
95118,4
42400,2
82476,6
46585,7
81099,4
89956,3
68930,3
105123,5
104306,3
67187,6
46035,4
90908,4
127347,4
90449,4
151439,0
43257,7
60901,5
69931,6
47395,4
124862,4
68351,3
62053,3
90717,6
145579,0
149044,0
68158,3
43349,4
149253,5
104160,3
147381,6
110951,4
145246,0
69432,5
89553,7
123338,4
67538,3
82681,7
43125,4
103542,4
42151,4
96403,7
105892,4
80893,2
95174,3
107341,7
94189,6
110312,4
123777,3
95393,5
42474,7
129147,5
94735,7
150251,0
104099,3
104785,7
42053,6
105112,4
67136,3
61356,5
129384,4
146116,6
47618,4
95381,4
46792,4
69205,3
96315,5
83468,0
103597,3
46752,4
47267,2
89505,4
43447,7
105208,4
82062,2
47509,4
110182,5
67647,3
146896,4
107630,4
129526,7
83615,6
77903,4
45393,5
109231,7
90581,4
94707,6
107602,4
125210,0
129513,4
95935,7
43868,5
81312,7
124521,4
95892,4
77073,4
149399,4
43674,4
83673,2
45316,4
76321,4
124992,7
81495,6
123687,3
75835,7
47659,2
89049,3
146504,4
90117,4
125245,4
80496,5
125296,7
42380,6
107137,4
95172,7
128367,0
77592,3
110548,3
146997,3
93289,7
150855,2
77203,3
151231,0
145564,3
106210,5
67420,3
128892,7
111137,4
129112,4
107232,7
69086,7
67002,3
77188,5
106243,7
75694,0
82185,5
108636,5
45039,5
147020,6
129024,6
76222,3
128102,7
69119,3
77902,2
148538,4
109049,4
77069,2
145415,5
43380,4
61857,6
148878,2
123706,7
69447,3
61081,3
124208,4
125465,4
62516,3
150821,4
69836,3
149058,7
127060,7
62033,3
89347,3
150140,4
95237,4
148542,7
104534,3
61584,3
68127,3
95472,5
95843,0
146054,3
83251,2
109402,6
69555,3
81973,2
146971,4
145891,4
88813,3
68009,3
45634,4
46187,5
47815,4
89759,4
109738,6
148364,7
68168,5
127077,7
43566,4
149596,5
76299,2
77299,3
46836,4
146868,5
123736,4
69712,6
149739,4
104327,4
94507,5
68025,3
62592,5
89664,4
82971,4
67348,3
129678,7
82628,2
107334,0
42517,3
42795,4
107788,4
81177,5
105282,4
93387,5
149031,4
147120,7
89645,3
76650,3
69582,6
82863,2
77440,2
149882,2
46364,4
109496,7
89040,3
145834,5
147965,2
123345,3
147100,5
67936,6
106119,7
45443,3
125168,3
127946,0
83387,7
91188,7
68343,5
47411,4
147166,3
61162,3
146119,5
43523,3
105543,4
127132,0
76902,7
62786,3
105529,4
107010,0
149798,0
89835,0
128783,5
151074,5
89872,3
126628,4
109889,4
109236,4
103885,5
88786,4
111191,4
104617,5
76739,2
61698,3
81629,3
46307,4
77060,4
82417,7
147089,6
95973,5
127975,7
42097,4
46257,4
105318,3
67463,7
81129,4
149410,0
67101,7
43071,4
68194,4
93090,7
149141,4
106070,4
145323,6
45794,6
94592,0
104159,4
146354,3
109691,7
146640,3
104516,6
146974,3
127264,4
123612,0
69875,5
45817,5
124260,4
93678,5
43407,5
91469,4
60900,6
83395,2
146861,3
96455,5
108054,4
61268,4
150521,4
67291,3
150441,5
129914,3
105072,3
69650,3
109335,4
148090,5
42663,2
104458,6
77208,4
91306,4
90250,6
76057,5
147790,5
62062,3
83513,2
46146,5
107919,5
42549,4
96331,5
81775,4
46382,4
46475,4
107885,7
67410,3
150011,0
151239,2
42327,4
60892,3
88914,6
123772,4
61106,3
150002,4
77735,7
110086,4
145366,0
95204,5
61821,3
44892,2
150373,7
81216,2
90191,3
127812,2
108328,6
126552,4
147842,7
90645,4
109730,4
82385,6
104017,3
46534,4
69440,5
45853,2
61638,4
124779,7
42760,4
62330,3
67407,3
83497,2
76644,0
146911,5
46632,4
106333,4
104934,6
60924,4
145342,7
61604,3
77430,3
42515,6
149910,5
105910,4
104898,3
61815,4
90584,5
84058,4
89886,4
105573,3
75748,0
93991,4
127407,4
123365,5
67687,3
146533,7
75741,3
95695,0
47063,7
148095,7
148823,6
90671,3
83832,4
43618,7
146168,7
147961,7
47391,4
68062,7
69326,3
94710,4
128269,5
90220,4
105254,4
77553,6
145616,4
93628,6
42019,4
105598,4
77605,5
92986,4
47183,5
42415,5
150475,6
110507,4
68401,6
104217,6
107463,5
62368,3
94738,6
42670,3
44964,7
104247,4
127489,4
105331,4
147361,3
46580,2
125283,4
127087,7
128605,4
47813,3
126818,7
77815,3
77057,5
67386,3
129341,4
45779,2
94113,7
82481,2
81740,5
146117,3
45124,4
110570,5
124317,6
108728,4
82492,5
91276,7
68305,3
108621,6
81433,5
105871,4
89781,4
84072,4
46974,3
42861,2
108739,0
95107,0
127261,4
110918,5
128153,5
125456,5
45391,4
104961,0
75821,3
124050,5
69982,4
124090,0
69590,3
95759,7
69025,3
81813,6
47244,4
67824,3
108088,4
76206,7
90194,3
44819,4
105336,4
148928,7
124501,5
67054,5
60911,3
149666,5
68335,7
62445,3
69154,7
68850,4
95918,4
44899,6
68365,5
124175,7
69986,6
83864,4
146285,4
146720,4
127752,6
149904,6
95501,4
104300,3
47847,4
89451,6
148075,7
145971,5
61568,4
90729,5
146975,6
92963,0
107125,5
105221,4
61065,3
94358,5
62622,4
127816,3
47766,4
109628,6
43351,3
46058,4
67124,3
76452,2
145151,3
146684,4
81415,4
145429,5
104701,3
105424,4
76560,2
47967,4
124829,6
127054,7
104930,6
129376,4
43052,2
103497,5
110620,4
108378,4
147431,4
89055,4
67012,3
90162,4
104275,0
93279,5
84146,0
47953,3
76844,4
94782,4
129702,5
106451,4
80846,2
107541,7
150058,4
75629,5
76399,2
83662,2
146462,4
67825,3
83239,5
123843,4
77260,3
148914,0
110153,4
145789,6
90998,4
68400,4
89937,5
69619,3
145972,4
148641,2
46908,4
62295,4
43171,4
107683,4
105429,5
104461,4
62615,4
89962,4
89046,4
125175,7
109278,4
46340,4
104894,5
43504,4
125399,3
76174,3
104039,4
94445,4
103802,4
89263,0
149236,2
108805,5
110911,4
110987,4
95026,6
94425,6
108874,4
93717,6
151392,7
150119,4
69218,3
69658,5
105152,3
147504,7
108795,0
128092,6
44905,3
42519,4
76082,4
67814,3
89739,4
77215,4
43644,2
47602,5
149919,4
47007,4
108377,5
148361,5
44932,3
45511,5
43430,5
69731,3
109297,4
46021,5
82037,5
77720,7
108411,3
61028,3
107169,0
82963,2
77888,2
145352,7
111102,4
67518,5
129058,7
46809,5
104330,5
61678,3
150829,5
45392,3
62199,2
67029,7
69187,3
89248,4
67848,4
129165,7
146772,3
104350,4
88919,4
81266,4
45056,3
110749,5
43401,4
47304,5
129576,5
62375,3
43846,6
127130,7
68796,7
151223,6
45667,4
75812,3
145988,7
42985,2
124394,5
150560,4
129534,6
46200,7
105188,5
47542,4
76752,3
106286,6
45618,2
90075,5
94380,4
103824,3
68266,3
106052,4
109031,4
44930,2
83974,6
123636,4
47205,7
77146,4
124731,3
105907,4
42460,2
61426,4
47872,4
47400,4
94030,4
92971,6
47193,2
128424,6
110914,4
150586,4
91175,4
84051,4
123443,3
94009,6
46962,4
89574,0
80899,2
104361,3
91182,4
111107,4
91420,6
45394,4
126630,6
146536,4
146711,4
150120,6
150757,0
128661,4
125350,5
45503,4
90204,3
77646,2
42195,5
90583,4
46102,6
93714,4
77091,7
61935,3
62208,3
61546,4
47923,7
90252,7
126576,4
95910,0
124216,5
67514,3
90009,3
62826,3
106324,3
69872,7
68254,3
123311,3
45003,4
127833,7
146589,7
111038,4
62647,4
150177,5
95672,4
128620,5
67424,5
60890,3
46788,4
68951,3
123387,3
109607,6
83968,6
129225,4
107032,7
145229,4
104991,5
149850,7
150155,5
68050,3
123995,6
62165,4
88853,4
88788,7
129226,4
77509,4
62594,3
94318,0
75790,3
62085,3
94844,5
44044,2
127083,4
68081,7
109217,5
66953,4
82822,2
96004,4
45019,4
90170,4
111203,4
45235,5
76011,3
146231,3
68638,3
81908,2
42308,4
83369,4
110467,3
107971,4
69881,3
69255,3
103435,3
103735,5
129955,4
46689,2
83566,7
125225,4
103797,3
103726,4
149879,5
103458,0
76682,4
93281,4
104784,7
80941,2
62765,3
123386,4
76788,3
47136,2
127531,4
148936,4
148397,7
90142,3
96574,0
93736,0
104989,4
145632,7
104111,4
42639,2
149238,4
103570,6
61948,3
82137,2
145291,3
42129,4
61009,3
93133,7
78011,3
93200,5
45495,4
128663,7
109781,5
145585,4
148384,7
149324,0
111193,5
146204,6
43573,4
67423,3
108236,6
46642,7
104149,3
128442,4
146090,6
129212,5
148586,7
77562,2
77118,4
146171,4
81825,7
126861,5
43634,2
150239,2
82639,2
94699,4
107784,6
93940,5
43763,4
89677,4
69069,3
62617,3
93435,0
69607,3
84095,7
109818,4
82832,4
42554,4
146399,3
108280,6
128694,3
76684,7
77088,3
77282,3
68938,6
103943,4
104672,3
95205,7
94768,3
149015,5
129829,4
104597,6
83115,4
149759,4
149167,2
94142,5
92866,5
46341,4
148146,5
124055,3
84022,3
93410,0
150001,7
148635,6
107133,4
128338,6
61454,4
76118,3
148859,0
104621,3
47353,5
69721,5
94413,4
43861,4
82594,6
103744,3
93324,5
108742,3
95429,4
89170,5
90620,3
61674,3
127735,4
89822,3
149665,0
61312,3
148683,0
109405,7
94563,0
150939,0
128862,7
77754,2
60970,3
42882,2
81198,2
77406,6
150218,6
105032,4
108444,5
146047,6
42971,4
43219,7
109148,5
77972,0
77301,2
125472,5
147032,4
61924,7
150702,0
66947,7
43934,4
146510,6
128115,5
68860,3
61452,3
110906,3
47580,4
61257,5
43609,7
43420,3
110325,5
61673,3
45599,4
104641,4
83244,4
147511,4
44798,2
82638,2
106012,4
107080,5
124927,4
45885,4
104105,4
150672,5
110909,4
61845,3
146596,7
149786,5
127860,0
125222,4
150401,0
82296,2
46302,4
106098,0
80560,7
45395,4
124896,5
61245,4
104602,6
149697,5
44967,4
127854,3
96547,5
146412,5
149532,5
60958,3
129875,7
108759,0
69792,3
46138,4
81511,3
61792,7
123971,3
92738,4
103518,4
47435,4
60976,7
149368,4
82636,2
94178,6
95320,5
68005,4
124356,3
89144,4
125062,6
47647,4
109952,7
80709,2
146786,4
94208,7
150399,4
75596,3
76629,7
128728,7
77163,2
47796,4
125181,4
62250,5
146575,7
81632,6
146706,4
129723,7
148263,6
109692,3
62391,5
46953,6
89212,0
90054,7
76894,3
90836,4
90442,4
44033,4
147162,3
104634,6
104106,0
125320,4
94637,4
93399,5
108607,4
43639,3
46342,5
149450,6
145725,4
104080,4
43645,4
125077,4
124244,7
67983,6
77954,4
81488,2
81445,4
43243,2
149830,4
88725,7
69753,3
123446,5
62348,3
66927,3
94489,5
127049,7
60883,4
123380,4
110583,4
92890,6
128935,6
105272,3
68248,3
62806,3
94830,6
108330,4
125121,4
62335,3
45609,5
129629,7
89297,3
83304,5
124926,5
94149,5
148072,4
90149,3
46251,4
62735,3
80838,7
128276,0
148749,4
77608,4
68224,5
94945,6
81816,5
62539,3
124414,7
76919,3
76326,2
75780,3
47376,4
76525,4
149836,4
42131,3
123929,4
150063,5
68720,6
111039,4
145641,6
45666,2
105839,4
147929,7
128024,5
77827,2
76554,4
104008,4
80766,5
76587,3
90272,7
104899,4
43358,4
76292,7
70029,4
68993,3
62233,3
148305,4
67753,5
128082,3
68635,5
90323,3
80885,2
149918,5
67321,4
61403,3
128059,5
147187,5
93192,5
107731,4
61758,4
94443,4
124702,4
103747,4
104920,4
92871,7
126794,7
76204,3
62771,3
127307,5
83682,2
129891,4
84053,6
110766,3
111063,0
83515,2
109766,4
81507,2
93889,7
81499,6
83928,5
61303,4
147441,3
145171,4
105704,7
45487,2
127283,4
126898,7
83327,4
145750,4
147499,3
109910,4
105534,4
128277,0
61149,4
145318,3
108555,5
43330,4
92962,6
105864,3
93443,0
95207,5
90396,7
108413,0
81136,2
104279,3
67813,5
129486,7
125340,7
76871,7
46100,4
67075,5
107964,4
68680,3
42200,3
66995,7
90374,4
77812,4
148737,6
61756,6
128981,0
82181,5
61872,3
149536,0
42752,4
150385,2
96344,5
145901,7
93903,4
68319,4
84130,5
61587,4
47625,4
61309,3
127577,4
127021,7
150978,5
90259,7
105450,6
67185,3
148964,6
69927,3
123820,4
109626,5
77913,3
83319,5
127217,3
62191,4
149181,7
104298,4
45832,4
95976,0
46142,2
44880,5
108261,5
82020,7
150901,7
147144,4
45258,2
110922,4
90529,3
43942,4
43660,4
62087,3
80923,2
110105,4
76346,3
43195,2
129215,7
125179,4
129178,5
45612,7
127047,5
147821,7
43352,3
77970,2
45106,4
81910,2
82794,5
110603,4
75560,6
146293,5
149506,5
81418,6
149766,5
124636,6
96108,7
128238,5
61746,3
45776,2
89168,4
148329,7
80633,2
67511,3
104220,3
104510,4
89928,3
81566,2
103847,4
124766,4
93668,7
110494,7
45543,4
149376,4
43873,4
69377,7
147492,6
61032,3
67942,0
43254,4
127246,0
90882,3
43275,4
66959,3
110106,3
127910,4
103753,0
46196,4
89815,0
107027,6
67085,4
94426,5
77058,5
42026,2
46308,4
123366,3
43953,7
68611,5
123666,3
149636,7
150963,4
46821,4
42370,5
150869,7
107257,6
91269,5
46184,4
47605,4
109299,5
45628,4
93274,7
75954,2
60776,4
81330,2
68129,3
109909,4
90502,4
146326,6
105133,4
61988,4
89327,5
80997,2
61123,3
103970,5
94549,4
149042,7
61210,3
107564,4
127665,7
147336,4
148312,7
110758,4
127199,7
103912,3
150271,5
94807,0
81256,4
46447,2
77727,4
77667,6
150325,5
77832,4
90926,5
90020,3
46988,6
67795,5
128648,4
75997,3
67435,3
81297,7
67011,5
46998,7
68751,3
105670,3
42564,3
148733,5
62614,3
123804,4
42421,5
150492,2
67594,5
90897,5
103748,4
107556,4
93855,4
109782,3
148849,7
68377,3
94278,4
127516,4
80860,4
151415,4
77303,3
148375,7
61427,3
42059,2
95696,4
146777,5
83572,5
93807,5
69136,4
46929,5
83256,4
83354,2
68473,3
88933,4
61280,3
127292,7
75892,4
89572,4
105664,4
82004,2
108153,4
150226,4
123552,5
146568,0
96327,4
81073,7
94963,7
149374,4
41982,4
104158,6
108379,4
47789,3
124760,3
150565,4
77238,3
81089,2
81374,5
110993,7
107047,5
45901,4
145548,5
68510,6
145622,4
61264,4
123442,3
147453,4
81940,4
92814,0
128614,0
46358,2
103383,4
146800,3
46541,4
150818,2
107445,4
106022,4
82776,0
93641,4
94562,6
94643,4
67196,5
77056,4
68550,7
81669,2
96021,4
94631,5
105596,3
77996,6
103659,7
148704,7
150704,4
105645,4
149597,4
109334,5
145816,4
82146,2
90113,5
45960,5
111067,4
61911,3
124942,4
62725,3
151281,7
129150,5
42858,2
89392,4
151435,7
124318,3
128914,5
90390,4
146989,4
43515,4
145913,3
125248,5
104321,4
44810,2
80898,2
94849,4
83288,2
45167,4
84015,5
80522,2
151078,7
45290,2
90365,4
89819,5
146266,3
145232,3
123707,4
106398,3
127412,7
67170,3
89012,3
90116,3
80967,2
67202,3
80734,2
45073,4
108920,4
76997,3
68452,3
42470,2
69082,7
92757,7
76519,3
128807,4
149760,4
62467,5
150892,4
93499,4
76981,2
81028,2
47452,3
105612,5
47024,4
45980,4
107512,4
145801,3
91176,4
88923,4
68427,7
107188,0
62023,4
62844,3
148259,2
107406,7
68684,3
62705,5
147936,5
94999,5
146880,7
124650,3
43963,4
46880,4
127171,4
146925,5
148363,2
106336,3
149576,0
68549,3
95261,0
83110,7
124658,0
82041,5
76095,4
147341,3
146269,4
109220,7
104269,6
106259,4
45149,2
145882,7
76674,2
108850,4
150813,6
149807,7
104802,4
61665,6
67597,3
47973,4
62686,6
127673,7
45884,4
145279,4
107045,6
93382,0
44843,4
125162,3
82575,2
109200,5
89775,4
69070,3
62034,3
104889,3
123327,4
82078,4
68214,3
76648,2
148678,7
46369,4
83816,2
128963,6
94286,5
124792,4
82515,2
146850,6
43248,4
150563,5
124399,4
96356,6
124904,5
145928,5
109789,4
124558,7
129319,6
89878,0
147349,4
110853,5
81348,2
123574,4
94884,7
92980,5
75704,3
108093,3
89108,3
149257,4
46472,4
84082,5
84131,5
67294,3
45214,4
81019,4
47087,3
104119,5
82723,2
149940,4
46020,4
47384,4
105952,3
147086,4
77092,4
77900,3
47351,2
92886,6
105657,4
129217,4
77940,2
47060,4
61928,4
90270,4
124580,4
104032,7
147324,5
67108,3
148555,2
128167,6
47533,3
81186,2
60867,5
96322,4
125093,5
76964,2
109563,4
69492,5
45350,4
149392,7
103841,0
45910,4
43292,4
147820,7
145772,5
82366,2
127257,5
68334,7
148770,2
76910,6
127797,6
42125,4
61656,5
91308,3
125345,5
47981,4
68649,3
77601,7
129790,7
61089,4
123659,3
76009,5
93048,0
62867,3
94503,4
89281,7
106073,4
61808,3
89514,7
95732,6
105783,3
125426,3
106174,3
111177,6
150170,4
68462,7
126766,5
92767,7
108646,0
127400,4
105627,3
109066,7
123419,5
127052,7
83726,6
94493,7
93349,5
107551,5
43998,3
42116,2
67528,3
42054,4
104870,6
61671,3
83892,3
77797,5
68858,3
106086,7
147374,3
43999,3
42443,2
75784,3
105442,3
127403,5
43576,4
107468,4
104114,3
109579,0
62782,3
89095,4
47248,7
43390,3
67450,3
76687,3
47137,4
46711,4
83941,2
46972,4
150934,0
149966,4
96487,4
81747,3
82255,2
68060,5
45895,4
110405,5
83784,2
45209,3
123642,4
61382,3
46059,4
110483,7
69033,4
90411,3
90325,0
128131,5
82743,2
67138,4
91361,6
110421,5
108206,7
69362,7
68318,3
129758,0
69403,3
44999,2
108997,4
46605,5
68669,3
43208,4
45180,4
145416,4
149304,5
67129,4
105902,3
103984,7
89225,3
145424,4
146562,5
128460,7
103844,5
148871,5
127382,4
68605,5
89145,7
147276,6
104856,3
77737,4
45699,2
76825,4
108631,0
90938,5
45452,5
129508,5
45207,2
146544,3
151045,4
75647,5
94217,4
43498,4
90415,5
76857,3
124367,7
149584,4
76588,5
81373,5
81828,2
67969,3
127938,6
148939,0
66937,3
104669,3
46938,5
82641,2
81460,2
124240,7
146474,4
123501,4
77837,2
106338,5
47767,6
67877,3
107367,4
107873,4
108537,4
77177,4
105674,3
149455,5
107328,5
109867,4
128266,5
110194,5
124236,3
127718,4
146819,4
62110,3
110904,4
123349,4
43172,4
128608,6
94998,0
69075,4
127068,4
82284,2
76731,2
81856,6
106330,4
80569,2
60825,4
105945,3
104317,0
75978,5
148680,0
77494,5
83730,2
150931,0
104980,4
43592,5
91356,5
146618,3
94299,4
125352,4
147226,4
108478,7
149361,5
145501,3
107301,6
145264,3
90347,5
43235,3
93268,0
106111,3
95648,0
67456,5
104323,5
82468,2
43467,4
46510,2
147423,7
109665,5
90733,4
76107,4
62554,3
93752,5
125117,4
146315,4
62243,3
42367,3
110555,0
105302,3
124473,0
125131,7
92919,3
128439,5
93215,6
68517,4
106239,5
67097,7
107891,7
46370,4
95182,7
111157,6
104573,5
89384,4
105356,4
68828,3
125211,5
76722,4
80930,4
69321,5
108934,3
105419,4
129129,4
47284,5
151142,2
149941,5
69952,3
148621,7
147428,4
124865,3
145606,4
61707,3
75581,3
42436,4
75883,4
90160,5
93204,5
96044,4
88746,4
127887,3
90586,0
123948,3
60830,3
107311,0
127931,6
45996,4
127924,6
110380,6
108301,5
60837,3
110296,5
83803,6
103798,3
69055,3
80937,2
124888,5
96266,4
69906,5
148893,0
149296,7
82299,7
147497,3
128864,5
46329,4
44047,4
83026,7
109644,4
109804,6
89033,4
43449,3
128624,4
47839,4
109987,6
81367,4
69947,3
92998,7
146470,5
68153,4
67278,3
124037,4
124930,6
124568,4
109157,4
61387,3
145382,5
150601,0
67574,5
46882,5
149809,5
150777,7
105533,4
96215,4
89930,7
123680,4
149801,0
106263,6
76262,3
147343,7
147106,5
151238,7
83257,0
47774,4
76341,2
106198,6
95726,4
108060,4
75530,3
149935,4
129855,4
77330,4
92808,4
109245,7
91315,6
42132,4
126701,4
106427,7
147154,4
150580,0
106412,3
124585,6
47700,4
62825,3
107079,4
145806,4
103818,4
75549,4
129294,5
151269,4
148213,7
93703,0
111122,6
129894,2
146588,4
75539,6
149300,4
96526,3
75740,3
105820,4
90682,3
149699,6
62645,3
82985,5
44979,4
146981,4
80944,5
90685,3
107008,4
150593,0
77233,4
146282,7
67999,5
110926,4
76479,3
77123,4
127156,5
47444,7
91235,0
83189,4
68727,7
94525,4
95199,4
107276,4
91234,3
90813,4
80585,2
104488,4
80555,4
91442,3
124072,5
90301,0
147464,2
45339,4
128816,4
76188,4
69817,3
93547,4
84127,5
92967,4
107877,0
82394,5
67330,3
123701,3
129214,7
93426,3
76474,2
151015,7
108773,7
105787,4
126923,6
128284,4
83242,2
147262,7
151230,5
107728,7
128725,4
80650,5
149222,5
42270,2
104454,3
68192,3
104308,5
67214,3
61862,6
126977,5
104457,7
110414,5
93012,6
67752,3
124254,4
42364,3
96210,3
90712,3
106043,3
105739,3
42499,5
104043,3
124924,3
47253,2
145167,4
82958,0
150832,0
61113,3
146537,4
81286,2
146482,7
75616,3
68502,4
125008,4
84063,2
147103,4
62623,4
95259,0
95713,5
43169,2
47260,4
61092,3
46797,4
110218,4
146349,5
43541,2
47409,4
42265,5
61146,4
77240,4
151391,5
127741,5
107671,7
111142,4
45208,2
94190,7
124745,4
147406,4
126633,7
81134,4
93475,5
107072,4
107289,0
146423,5
145195,5
61324,4
44847,7
146363,2
80748,2
82278,2
81897,2
44863,4
146289,3
61981,6
150225,7
47474,5
46479,2
128037,5
106097,5
89772,4
42978,2
82778,5
42174,3
91349,3
69842,6
82464,2
67836,3
125237,4
68583,5
61131,3
123273,3
146554,5
76157,3
94403,7
75893,3
77362,3
44958,2
75970,4
68920,7
110292,7
94205,0
76717,2
124136,6
96481,5
80942,7
110975,0
67643,5
104556,6
82675,2
93211,4
42702,4
148622,5
43950,4
62088,3
42880,4
145757,4
46402,2
125057,3
47714,2
81169,2
42601,2
94389,6
105273,0
104335,6
106020,5
89530,3
148474,5
77264,2
149657,7
62120,4
128843,0
90810,6
94989,4
126639,6
150571,4
47561,3
67228,3
89527,4
89736,5
105051,4
47754,3
67648,3
75504,3
88796,4
106199,3
47030,4
90978,6
128945,6
107353,5
128571,6
47233,4
103932,6
81346,2
89241,3
109229,0
124095,3
145982,4
47037,2
83918,4
43240,2
106019,7
93724,0
76450,0
106075,4
103964,7
83793,2
149898,6
95569,4
107252,4
89038,4
94705,4
76657,2
67751,5
107655,4
83300,6
42217,4
42041,3
42994,0
67837,3
47566,4
126648,5
93657,4
62099,5
123973,5
93923,3
47438,7
45873,2
82243,5
95191,0
125392,6
128943,5
96349,4
89296,5
95242,0
42278,2
127282,7
45800,4
124475,4
123760,3
62509,3
145680,4
103857,4
104845,3
146983,3
60985,2
67766,5
124419,7
42540,5
61423,3
96585,5
89334,4
126647,4
123862,3
149782,5
46683,4
62419,6
110712,6
128449,3
45533,4
148297,7
47484,4
46246,2
46081,3
62553,3
83051,4
83596,2
67190,6
92750,5
46125,5
76041,4
67126,3
43764,4
126708,7
125318,4
61129,5
62585,4
148381,4
89466,4
94851,4
76052,3
129602,6
146265,6
89130,7
150284,4
69373,7
67960,3
67821,3
127559,4
81516,7
69178,3
90037,5
67778,6
108641,5
42703,3
60938,5
42017,5
88817,5
129286,6
46873,4
145175,3
124218,5
145285,0
95661,4
83066,2
83700,2
61021,3
66978,5
124176,5
80619,7
124710,4
103913,4
77590,3
127574,4
124246,4
69017,3
91232,5
107487,4
110738,7
83224,2
83540,2
82508,5
104565,4
110790,4
110169,4
109948,7
95201,4
67780,5
103504,4
124975,5
150942,5
96512,7
129755,4
90902,4
92740,5
81093,2
42901,5
62823,3
46399,4
68154,3
89044,5
148240,7
106006,3
83510,2
105915,4
106163,4
82309,7
83371,6
83308,2
96139,7
92892,0
105637,4
61971,3
90798,0
124954,4
105691,5
76658,3
147363,3
108295,5
76921,2
92755,3
128236,7
150562,4
68423,5
147369,4
81103,4
80639,7
80526,7
75669,4
91332,5
82539,4
80728,2
128766,4
90608,3
129984,7
82311,2
107234,4
149796,0
69243,3
107259,4
90207,3
80707,2
77239,4
147233,3
147910,6
82348,2
126555,6
95426,4
123531,4
147077,3
77552,5
150613,4
91006,7
47911,3
80511,5
108491,6
46237,2
67128,5
105268,5
90329,5
104083,7
67678,5
150014,5
83980,6
148354,4
77343,6
125123,4
44934,4
81247,2
77397,4
82949,5
46780,2
43007,4
82113,6
124023,4
90271,4
95725,3
82364,2
145252,4
82401,2
61320,3
95810,7
104474,6
123284,4
110671,4
81446,7
80505,2
70020,6
105320,3
90632,3
61525,4
109630,4
151187,5
95674,7
47969,4
108561,0
42706,3
147912,7
67060,3
91264,4
60954,3
107024,7
77559,3
60907,3
47025,4
81719,2
127610,3
103940,4
75965,3
107338,4
88920,5
81528,5
43828,4
83624,7
44851,4
93095,4
69387,5
61895,6
43371,2
94058,7
43527,4
105782,5
148801,7
69107,3
42171,4
108945,7
90236,3
75674,7
125003,4
91160,4
108421,6
105372,7
108170,4
76836,4
107191,3
42294,4
76396,4
111147,5
41996,5
61053,4
108300,4
150867,5
45398,5
78004,2
76498,4
108254,3
46658,6
150887,7
150951,4
95727,4
76909,4
126664,0
95586,4
89668,3
90321,4
127694,4
69845,3
145960,4
128144,4
148132,7
127709,4
127107,6
103856,5
108830,6
145974,4
76411,3
148349,5
83514,7
82172,2
43026,2
104389,4
43534,2
146977,5
148323,7
95516,7
69998,3
124649,4
91209,3
77538,4
93552,7
145179,5
104689,4
108581,3
108658,6
89902,3
46294,4
103716,4
67555,5
62815,3
129689,0
123569,3
69603,6
105684,6
82489,2
90714,6
95974,4
95565,6
69215,4
110739,3
93451,0
107049,4
92944,5
94209,0
43905,3
110122,6
93965,4
62303,5
82536,7
81984,2
61020,4
82173,2
148085,5
47555,3
95909,5
45199,4
110428,5
104223,7
62515,3
104405,6
68380,5
104501,4
42941,4
75913,2
68455,3
150778,4
78006,7
82788,2
145747,3
104016,4
75879,3
105193,4
90211,3
42202,4
43825,4
126998,5
42110,3
128646,5
60778,3
128959,5
109666,4
44949,3
105480,7
43036,4
110135,6
103538,4
83609,5
61694,5
147383,7
69610,6
146852,0
61655,3
62121,3
46219,4
105614,5
67890,3
47685,4
45949,4
108018,5
90929,4
43131,4
83435,4
62587,4
91129,4
127666,6
123990,5
42178,5
107539,7
123638,4
148353,7
75900,3
61340,6
110085,5
93650,6
76465,4
95797,6
82177,2
68448,3
110496,5
75727,4
129157,7
61075,4
62084,3
82295,2
126752,7
104921,5
45026,4
42130,5
75917,3
127636,5
82735,2
43237,4
76564,4
96002,5
109791,4
109452,4
91243,4
95669,7
67439,4
75550,3
76165,2
45318,5
105091,4
123854,4
89158,4
82345,5
150572,5
94596,4
128336,4
62251,4
145991,5
105790,5
145797,3
145890,6
47380,4
129408,4
123570,4
92785,3
82546,2
62469,3
76610,5
76548,2
146907,5
107527,4
151299,4
75627,3
61031,4
125135,5
105866,4
83094,5
129560,3
127481,0
60781,7
146443,6
44045,2
76372,7
109448,4
83770,2
123964,4
91267,3
145790,5
124302,5
90315,4
76482,4
106309,4
75858,5
68289,5
67767,5
126872,0
68262,3
82889,2
150270,7
108011,5
77527,2
46317,5
83919,3
109934,0
148989,7
42030,4
145331,5
47346,2
148093,7
147345,3
124971,7
77778,4
128904,7
103870,7
45272,4
128930,5
88951,0
61776,4
150954,0
146889,0
127640,7
150102,0
77209,2
83113,2
42079,3
107501,0
127057,5
148265,7
104658,7
46045,4
61690,3
108388,0
47858,4
109869,4
81909,2
45810,4
107428,5
125373,4
90097,3
61878,4
147053,3
76803,6
82830,2
94157,4
105386,5
128248,7
42636,3
82450,5
148638,4
43000,3
62345,3
147136,4
76807,3
44977,4
90025,7
69774,6
90429,4
95952,4
61848,3
47522,4
94048,7
109505,4
127306,0
148833,0
129827,4
90741,4
89411,4
109674,7
77988,2
82419,2
151328,4
61505,4
94074,0
89272,4
150825,7
150540,7
69406,6
110145,5
111050,4
83547,2
76359,4
96542,7
148076,7
42558,3
47529,6
106143,5
107497,4
105413,6
129278,5
68404,3
106986,0
105985,0
150195,7
148535,5
91091,4
90118,3
83501,2
146817,6
62504,4
128589,4
104000,3
68370,3
81132,4
148784,4
107914,5
83430,2
148803,2
150721,6
80768,4
82251,4
80896,2
47190,4
128968,4
110784,4
82483,2
128825,5
77823,4
67614,7
83907,4
128650,6
123456,3
80909,4
47757,4
93323,3
43533,3
67091,3
129925,6
83707,6
82112,2
151226,7
76922,5
80503,7
46928,4
107055,4
124117,4
104923,4
76884,4
145985,5
111009,4
81944,3
67076,5
94687,0
67797,5
81911,4
43386,4
69059,3
128645,4
90659,4
47210,3
129381,3
127417,5
103799,4
96367,4
106072,5
129233,7
60789,3
68537,5
41997,4
95447,4
75505,4
103414,4
148577,6
75935,3
46828,4
83927,6
148289,7
110450,5
109506,7
145618,3
126714,3
91287,5
129114,5
147962,0
110460,5
89987,3
146421,4
93558,4
146360,5
61154,5
94433,7
76442,7
125155,3
126737,7
81902,7
62538,4
148221,5
109478,5
146457,7
62472,3
95451,7
69238,5
68574,7
146170,7
83318,5
90256,5
80791,2
126764,4
150023,4
126587,3
45342,4
84060,2
108659,4
68419,7
147338,4
149457,6
93887,7
82970,2
125214,6
90423,3
68454,5
44962,4
146664,5
109503,4
82774,2
82885,5
103722,4
108350,4
106236,4
77036,6
103588,4
149685,5
123382,3
93872,5
47743,5
46371,4
43514,3
91010,7
124083,6
46612,4
104770,4
61319,3
69030,3
62206,5
76619,4
146203,4
124541,7
83055,2
127871,3
146218,7
146192,7
108332,4
106011,5
149783,6
145650,7
128606,2
145819,7
82861,4
61956,5
91045,3
42497,3
95907,6
125466,3
89547,4
151091,5
76645,5
146942,7
47392,7
124978,4
45222,4
91066,3
109959,4
104322,0
62044,3
62722,3
68525,3
68703,7
109859,7
96316,5
82925,2
43318,6
125293,7
109829,6
107969,4
68488,3
148574,0
83015,4
149734,7
81051,4
95438,4
146734,6
45013,4
150342,0
45757,0
127999,7
47988,4
108137,5
146505,4
88984,3
80669,5
95093,7
109098,4
128304,3
110062,0
68936,3
68542,4
104956,4
81274,2
129532,6
61650,4
83760,5
90669,3
95813,3
124137,4
80914,2
80954,5
90911,2
43491,2
96590,0
42821,3
149201,0
83529,7
124495,4
82708,2
148154,7
107690,4
124195,3
76338,2
127922,0
93180,7
76761,3
89226,4
67633,3
125407,3
89957,5
127904,5
77136,4
148633,4
75829,3
123920,7
91231,3
104123,3
69457,5
146995,3
150583,5
95783,4
93666,4
127672,6
92906,6
76828,7
67604,7
42759,3
62399,3
127210,7
150107,4
105725,6
149546,7
44990,2
69152,3
46291,4
89502,7
146891,5
103892,5
110924,4
76042,5
67273,3
67504,7
105291,7
107185,0
69651,7
124695,7
129459,4
149357,7
108251,4
68291,3
81512,7
123329,7
103698,4
129474,4
129268,4
82073,3
146224,5
88897,4
147473,6
127907,5
95803,0
129506,4
108360,4
81253,4
91372,0
93346,4
105275,3
61459,3
76829,2
68107,4
125218,7
91179,4
47882,2
148433,7
109947,7
145213,3
95961,4
104385,4
67826,5
95252,4
106282,7
69305,3
146080,4
146573,3
90186,4
77376,3
69675,5
88978,5
127394,6
47534,5
82266,2
82324,2
96212,3
90876,4
111145,5
96214,5
77242,2
107593,5
95503,3
128673,5
81764,7
45064,4
109480,4
105750,4
45987,5
151137,5
60866,3
89063,3
46397,4
110217,4
104886,5
81538,2
89433,4
129182,6
70038,4
146305,7
77025,4
42467,2
45004,2
123730,4
76516,6
127542,0
93334,6
82182,2
95482,5
150464,5
129863,4
110614,4
123943,4
67899,3
83107,5
82869,4
104431,4
95687,3
47058,2
80852,2
105708,7
127340,4
109813,5
124713,4
42842,2
90424,3
92858,7
90264,3
105401,4
68709,3
68167,3
42209,3
148330,7
107165,6
150918,7
129050,0
77993,2
150490,7
150632,0
108533,5
81437,7
104686,4
69679,7
77973,3
150056,4
145707,3
128744,4
108697,4
90788,7
76911,4
42409,3
110331,5
129920,6
67106,7
124531,4
42087,2
104800,7
82154,2
61581,3
47545,4
148249,5
128012,6
148549,5
61757,4
103893,7
45986,4
146392,4
42090,4
147797,7
151185,7
76773,7
105341,5
146723,4
103978,4
45608,6
68797,3
45864,2
43381,4
109973,4
76043,6
123751,4
62176,5
128734,0
109016,5
123545,6
145688,3
68362,4
105081,4
109749,6
81294,2
105911,4
93509,4
93883,4
151297,5
67082,3
69739,3
42812,4
146313,4
44034,4
82469,7
76824,4
104208,5
83306,2
75905,3
46562,4
89899,4
68279,5
150024,2
150435,7
106314,4
148207,0
124556,5
62038,3
96280,4
42463,5
62274,3
42264,4
84094,2
124450,7
81681,5
93208,7
43440,4
103898,7
129011,7
89420,4
129227,5
123944,6
69420,5
46346,5
69506,3
75785,6
108065,4
67431,5
129270,5
108458,7
69487,3
92888,7
149748,5
105509,3
76333,2
127122,5
104448,4
69765,3
105880,3
67457,3
43459,2
150705,4
146760,4
91099,4
93530,5
106305,3
94679,4
145132,5
151224,7
124732,4
76892,4
83507,4
109901,4
62663,3
127683,5
127042,0
62462,4
128987,6
46701,4
47109,5
77959,4
75723,3
89816,4
75668,5
43662,7
46691,4
81002,5
110181,4
89113,5
125233,3
69695,6
83328,2
107115,3
61283,5
45742,3
109996,7
81585,7
42692,4
82222,4
96580,5
46999,4
82209,4
123439,5
127514,6
67703,3
107935,5
84003,3
80521,7
77423,4
46415,5
129087,6
95668,7
105813,3
150259,6
106389,0
127441,6
75666,3
45210,4
125317,0
45169,4
110038,4
105001,7
45051,5
124243,4
110356,5
107480,7
62167,6
43767,4
45135,2
69343,3
82911,5
110001,4
103576,4
82246,4
108525,4
147168,4
123692,7
67886,4
45077,4
145992,4
69566,3
82891,2
77839,3
62693,3
106184,4
103773,3
88767,3
105104,3
96439,5
68282,7
47229,4
147124,6
43765,4
145134,4
146202,3
61430,3
67145,3
62270,3
109962,5
76194,3
77911,3
104219,5
111268,6
145220,3
148267,5
149454,4
67976,5
146085,3
42565,3
123677,4
105194,3
106431,3
127037,7
127929,7
103703,4
128761,6
43082,7
68465,3
89085,3
95587,3
106186,3
92848,0
89947,4
61800,3
45932,4
83822,6
105646,7
67084,6
110282,4
43304,4
110198,4
147125,5
67300,3
94261,6
76775,3
61385,4
83938,4
148316,4
103921,5
103558,4
45359,4
90696,7
76375,4
76161,4
84081,5
105631,4
83805,5
77116,3
61190,3
105395,6
150046,6
126616,6
123567,0
90190,5
126738,5
82320,2
107288,4
128993,4
82216,5
68046,3
151007,7
146382,3
95884,6
128928,6
77150,4
80966,5
148234,4
124755,3
75544,4
125048,5
92868,5
124298,5
90559,4
89210,3
61827,3
76144,5
146123,3
77048,3
94254,5
67316,3
61937,4
128949,6
45763,7
43114,4
84021,2
129756,4
61599,4
106153,5
91137,4
107789,4
109124,6
111265,4
107860,4
146444,4
129922,0
146884,6
151029,4
77877,2
129084,6
76520,5
127059,4
82080,5
128141,3
108535,4
124529,7
84142,4
147508,4
42287,4
93026,3
128143,6
62595,3
89624,5
68994,0
146243,7
43737,2
89728,5
148275,7
42312,4
67809,5
104780,4
148984,4
43561,4
96535,6
42372,3
127614,6
46249,4
109283,5
83877,5
94750,0
77856,5
89733,5
43655,2
42233,7
45151,4
77750,4
62077,3
68446,4
69231,5
129290,0
124205,3
82445,5
43815,2
108043,4
77528,2
69549,3
93809,7
83259,5
83046,2
110382,4
90346,4
62196,3
107420,4
45478,5
61411,4
109737,4
106339,3
110714,7
70026,3
46345,4
146658,7
109409,7
111076,0
127842,4
126526,6
69206,7
89671,5
81881,2
110925,0
149863,6
83270,6
90462,5
150932,7
123608,4
127010,6
45898,4
80757,6
129515,0
146118,4
46814,5
106169,4
92956,0
82787,2
106252,7
109704,3
62566,3
82134,4
108167,7
61842,3
42939,4
149469,5
103656,4
128064,7
46380,7
146970,5
146169,3
103697,4
95254,0
62222,5
128793,4
146104,3
90293,4
67984,3
94676,5
149578,7
109062,4
77655,2
47779,5
147792,4
68042,3
82451,5
110242,6
91043,4
90572,5
89039,7
146425,5
80625,7
105564,7
83038,7
109432,7
95940,4
127019,4
95700,5
45286,3
107373,4
123376,4
69422,3
61067,3
62019,3
81326,2
103832,3
146521,7
124027,6
77014,3
96341,5
128504,4
146549,5
124186,7
127466,5
149315,2
145740,5
109558,6
128198,7
129177,0
82761,7
110625,4
109069,5
69850,7
67637,3
76672,2
125206,4
90657,7
43837,4
126532,7
107281,3
94920,5
124005,4
88733,4
149557,7
90576,7
105392,3
146674,6
96036,4
83865,7
126805,7
42768,2
150914,2
83627,6
81465,6
106026,7
126754,7
108801,7
43955,2
42694,4
83528,5
61560,4
103966,3
104854,3
67834,4
145805,6
123875,5
150696,4
47800,3
150485,5
110862,4
150826,5
68815,3
149256,4
80905,0
42727,2
127571,5
67651,5
76167,3
146477,4
81102,4
151206,6
147935,5
42603,3
62055,3
43951,2
90381,4
105143,4
77624,3
151144,4
89946,4
77236,3
76038,3
145676,4
76606,2
124669,5
42780,4
93734,5
77125,7
77742,5
150354,7
42234,3
66936,4
109056,4
105788,3
66949,7
128233,4
75604,3
148639,7
145344,3
68073,3
44954,2
76826,4
81201,4
106230,6
89294,4
129617,4
76154,4
47876,4
81114,5
62673,7
105118,7
75641,4
69558,6
96078,6
75553,7
105639,4
106393,4
47180,5
69886,6
88932,4
128603,6
128755,5
82865,6
126712,0
96147,4
148160,5
128017,4
81924,2
67264,3
104720,4
83668,2
127658,0
69606,5
129391,4
95703,3
90890,5
68421,3
44795,2
103550,4
47287,4
67605,3
46682,4
146226,4
82570,2
60849,4
146856,3
45068,2
62402,4
41987,2
75781,4
45870,4
62703,4
146180,4
69159,4
92954,0
93096,0
127576,4
42465,4
47671,4
95300,4
76939,3
128353,7
75546,4
42126,2
107174,4
105969,5
67652,5
125402,6
127776,0
110530,3
107794,4
45031,4
81644,4
45475,5
46403,2
42850,2
108026,5
80689,5
105158,5
43135,3
129118,4
104642,7
45998,4
106159,4
105250,7
61782,4
151329,0
110834,0
43112,2
104426,0
150512,6
66992,7
82191,0
93075,5
148373,7
149926,7
128499,4
69213,3
151217,6
95035,7
95188,4
104779,3
123869,4
81866,7
76967,3
90532,4
105519,5
95452,4
88750,4
149886,7
69460,3
108015,3
42432,2
46304,4
95210,0
103846,4
93441,3
61329,6
89895,4
145581,5
104511,4
107354,5
90300,4
89076,3
90601,7
111089,5
105856,3
75933,3
43675,4
124691,3
89250,5
124098,5
89160,4
128193,4
148930,2
45978,5
61499,6
146513,3
124912,7
45141,4
82050,5
89503,4
68708,5
44013,4
47586,3
145600,4
147288,6
103839,4
82653,2
93408,4
147065,4
69670,3
69133,7
147924,4
150740,4
61126,7
61469,5
108294,5
110619,4
109316,4
128327,4
83600,2
81494,2
68956,3
45912,5
75673,0
43475,2
67188,4
124772,7
127423,7
82694,4
77348,4
69501,3
108229,4
111078,4
62437,4
69357,3
77359,2
77743,4
123592,5
89597,5
68582,3
88860,4
110791,5
148200,0
106113,6
44839,6
93016,5
76147,3
124611,4
90064,4
46168,4
46994,2
61647,3
43033,3
82395,6
129057,7
149082,6
42459,2
124765,4
105550,3
61688,4
124552,4
128046,7
93795,4
146439,5
69015,5
80879,7
44893,2
46130,2
81599,5
109871,5
62721,6
124714,5
47051,4
43756,7
61741,4
77855,2
146796,3
62173,3
95728,6
110271,5
44011,2
61497,4
67556,3
126958,5
149662,2
76169,3
47747,5
125000,4
76233,3
150111,4
75751,6
67467,3
69463,3
93663,3
148888,0
89318,4
70036,5
45007,4
68914,3
149092,4
77558,3
151104,4
46681,4
146712,4
150335,2
68861,3
68165,3
81467,5
150868,0
62316,3
146894,5
95453,6
148723,5
61900,4
124878,4
46939,6
150795,4
61177,3
106441,4
77062,4
104476,5
128762,4
150025,5
146642,4
96523,4
69180,3
103434,7
77019,2
67083,5
96018,4
91380,4
123291,4
128234,5
45243,5
69720,3
148039,3
92843,5
91089,6
148718,5
93197,6
42454,3
62707,3
42298,2
89323,4
61529,7
89923,6
43980,4
108401,5
77141,3
148676,7
124778,4
82249,7
146048,7
124605,4
109104,3
123336,4
123533,4
45500,4
81951,7
145287,6
148856,7
149968,2
93485,5
83472,7
123577,2
84139,5
77214,5
93160,6
123334,4
128881,6
68961,4
106410,4
95817,0
105667,3
104582,0
125303,3
146845,5
81027,2
69539,3
96251,7
128298,0
124955,4
47697,7
127363,5
105679,4
126826,7
92789,5
93256,6
109944,3
103690,0
148015,4
76088,4
108297,5
128683,5
81016,7
129349,6
107619,4
91245,5
125462,4
110870,5
127372,7
150130,5
107723,6
123613,5
67563,4
105936,3
124133,4
81863,2
145984,5
90487,4
123360,6
69081,0
96276,5
61820,3
77653,6
61376,7
68802,3
126730,6
129556,5
90844,4
145162,3
128279,5
125359,4
124657,5
108870,7
123633,5
149083,7
81544,2
83212,4
127968,6
61327,3
69867,3
111091,7
45462,4
106081,4
127791,5
69663,3
149093,4
107009,7
105587,4
128281,5
43867,4
93954,5
110300,4
90219,4
146620,4
123644,3
105147,5
68823,7
128515,5
145569,0
111237,0
68507,6
146525,7
105840,4
83162,7
45981,2
62008,3
69316,5
81508,2
127145,7
92725,4
46161,4
67342,3
126675,4
104757,3
124799,4
89869,3
67721,5
147000,5
89391,0
45788,4
83490,4
124565,4
61077,4
46093,4
82461,7
45729,5
94238,0
129302,4
123883,4
88901,4
60802,3
69299,3
146284,5
127743,6
104007,4
68405,5
104666,6
43448,2
83524,4
94117,0
127796,4
81817,0
81104,2
111031,4
104601,5
61920,5
82034,4
43232,3
77400,3
76954,3
91019,7
150274,4
82633,2
145464,3
128408,4
129232,5
146331,4
91220,7
146161,6
62220,3
123285,4
124805,4
147121,4
104847,7
44904,3
46601,3
93187,3
81729,0
107226,4
129966,4
62058,3
47657,4
148520,5
67671,5
62789,3
109407,4
104646,7
76254,6
61841,4
82463,3
127731,4
68623,3
105011,4
62022,3
128212,6
126972,6
146766,4
45372,4
43706,4
80880,2
129531,5
83103,2
91343,7
129452,6
83849,5
104444,3
124071,5
123912,0
81125,5
46452,4
103569,4
107767,3
123466,4
89220,4
124590,4
94485,4
128693,4
95162,0
107726,6
148716,4
125316,6
128590,4
103742,3
128322,7
104982,3
128629,5
67103,3
145577,4
43311,2
46805,3
93661,7
42824,4
96086,6
89078,4
82196,2
146373,5
107044,4
42338,5
148656,0
125130,4
47823,4
61080,3
105617,4
107068,4
60929,4
107685,4
145701,3
67900,3
91303,3
110510,4
94060,7
69561,3
77757,4
104883,5
94126,5
84000,2
91413,4
110499,3
110133,6
108887,6
61188,3
129418,5
61263,5
107997,7
123762,7
150457,0
149055,6
109368,3
126667,7
109587,6
47026,5
146201,7
61040,7
124632,3
128137,4
88724,5
110183,5
128223,4
80571,5
62726,3
96218,4
44043,4
123278,4
69103,3
146378,4
45416,5
104014,3
104090,5
128831,3
62475,4
150836,7
124378,5
107595,0
145722,4
150716,4
123768,7
89034,3
129242,5
67385,5
82304,2
105397,4
77180,0
147054,0
151246,6
42514,4
150962,4
47234,2
109699,4
109249,7
77519,3
123790,4
42396,4
77213,3
88713,5
104117,3
96194,4
83422,4
105451,3
67276,3
61914,4
128091,5
42773,5
95013,6
126538,4
105192,5
111208,3
124603,3
104301,4
127880,0
108827,7
148443,7
127194,3
91008,3
96234,4
45848,2
89233,4
94125,4
83339,6
103730,3
45951,4
84041,4
111216,0
77059,2
93842,3
146543,3
107156,4
145866,7
80595,5
83104,5
82031,2
149653,7
68645,3
77824,3
93414,3
109662,2
110522,4
128780,4
90403,5
111125,4
146327,4
90454,4
145481,5
149309,5
129074,4
82387,2
67355,3
61561,3
69654,3
93830,4
90308,0
105457,6
95077,4
124253,4
62381,3
108485,4
92772,5
124539,7
61531,6
46165,4
76366,2
89493,6
46760,4
88833,5
90172,4
75710,6
123341,5
89841,3
107089,7
104168,6
149292,0
81166,2
129991,6
103468,7
146135,7
90214,5
82943,6
94396,3
107033,7
129484,6
83813,5
128912,5
82025,0
45098,2
109419,4
89417,4
76139,4
69482,5
103968,4
126942,7
45698,4
104832,5
105590,5
107917,4
149010,0
45592,7
83541,6
129411,2
128031,6
45970,2
147321,3
148110,5
108218,0
61877,5
105117,7
45152,5
69367,3
123504,5
77762,4
148791,7
151341,7
129504,6
77783,4
62641,5
150748,4
45935,4
42717,4
96559,6
127463,5
124812,4
126932,5
150433,7
146584,4
93144,3
68095,5
47669,3
45055,4
128853,4
124339,4
77921,4
67979,3
46272,2
125331,6
88969,0
105462,0
129658,4
124471,3
108923,0
81792,5
129347,3
62005,4
150311,5
82091,7
104818,6
81394,4
46417,3
76823,4
62144,3
111214,5
126876,7
76311,3
104204,4
82907,2
83691,2
145907,6
127807,0
126763,7
45309,4
61629,4
68899,3
43887,4
107007,4
68239,3
103474,3
147190,3
47067,5
61879,5
68771,3
109216,4
82979,7
45198,4
151208,4
80971,7
42608,4
42825,4
109252,4
150315,2
108752,7
124094,6
46536,2
151325,5
68270,4
60948,3
83176,6
77185,4
67289,3
94179,7
42520,3
103674,4
45570,4
149645,0
103930,3
67802,5
90618,4
124435,4
75522,3
107319,5
145315,4
90701,4
80741,2
84050,6
81443,6
151086,0
103541,7
93505,6
146383,4
80840,2
92939,7
91328,4
91131,4
145505,0
47771,4
148141,6
151322,6
128524,4
61868,4
46817,4
60923,4
147027,4
129935,7
108318,7
83581,5
110641,0
149460,7
128274,7
105718,6
145556,6
45109,3
93623,4
127373,3
47303,2
95313,5
123699,7
90283,4
47242,3
146143,7
96552,7
43551,6
82877,2
68717,3
47198,2
43676,4
147227,4
82607,7
43121,4
125454,4
126941,4
128113,5
145190,4
105288,3
103622,4
62468,3
106125,4
146095,4
105332,4
148669,7
124025,4
145129,3
80940,2
67677,5
62051,3
82378,2
67053,4
128907,4
126906,7
69653,3
42446,4
94625,4
126829,6
146783,4
89620,7
127670,4
88807,4
110185,4
69310,7
81598,5
43024,4
108685,5
61695,3
47921,2
89828,3
76950,6
150727,4
91280,4
103629,3
68330,5
124640,7
128865,6
83626,2
89045,3
81884,5
104452,3
96382,7
68890,3
42172,4
127286,0
123756,7
61439,3
93420,4
44855,2
93350,5
129980,7
104526,4
127377,6
46198,2
77591,3
108944,7
62746,3
125368,4
148167,4
96006,4
67685,3
76693,2
108372,4
82544,5
124499,4
45528,4
151044,0
68567,3
67292,3
82548,7
61441,3
47154,7
42874,2
95263,4
128940,7
107330,4
147246,5
68576,3
45513,4
129122,4
93960,6
82651,2
47140,4
46719,4
67051,3
46132,7
107893,7
46031,5
67696,4
83655,5
45271,5
146626,4
126839,7
61228,7
67162,7
96168,6
103983,5
47888,4
148682,6
149351,4
109375,5
77535,3
67785,4
103578,0
68371,3
83963,4
45085,4
94640,7
62596,6
61947,3
129634,6
42180,4
110657,5
76551,4
45881,4
109173,4
67629,5
47344,5
94811,5
77817,4
68527,4
90376,5
43001,4
124768,4
82326,6
67917,5
149858,5
45096,4
109121,7
129292,4
44864,4
69390,3
90136,5
90606,5
128316,0
149178,6
128101,5
96516,6
148471,5
46675,2
126881,7
96304,0
45279,4
111081,5
76047,4
43437,4
83671,4
104688,4
62511,3
82414,2
95558,0
47238,3
146207,5
107432,7
105129,7
69016,3
89155,5
96534,5
104600,5
69991,3
127506,4
81631,2
92733,5
92930,6
110750,4
96524,6
150255,4
83883,2
150758,4
69254,3
124251,4
145604,7
84140,5
129718,7
129768,5
47224,4
91215,4
66963,4
83987,2
84084,2
47469,2
45540,3
42627,4
108734,6
83587,6
94519,0
110342,5
107017,4
68478,3
47001,6
69963,0
76491,4
147140,4
111187,4
82576,5
124512,5
76229,3
67957,3
109853,4
68520,5
62320,4
45344,4
62241,3
46179,4
108326,7
148035,6
146606,7
129505,4
68121,5
147501,3
105746,4
90479,7
88996,6
96527,6
77313,2
93093,0
76289,4
127323,4
62423,7
108618,6
83702,5
149180,4
105562,5
61217,3
42958,4
61325,3
61817,3
110437,6
129900,6
42644,2
129593,0
69359,7
125337,4
45041,4
82918,2
81164,2
148377,0
67484,3
94165,4
61993,3
107023,6
67063,3
76424,5
103557,5
42849,2
123965,4
129954,5
96188,3
110493,4
146660,3
88762,4
77191,4
149989,2
105675,4
62324,5
126915,7
106088,5
81543,4
91394,7
107190,4
109494,4
129670,7
83285,4
128162,5
127992,4
82588,4
67745,3
69072,3
128896,6
89799,4
46041,2
67354,3
93824,4
109107,5
83284,2
148028,7
128990,6
127789,5
94304,4
47516,4
106253,3
83787,2
125420,3
146529,4
45387,2
42807,5
46222,2
45246,4
110983,4
127549,4
46680,4
111093,4
83935,6
82858,2
45622,5
149104,4
150680,4
82350,2
149972,7
107482,5
82218,2
93092,4
148355,4
77499,3
123335,7
93504,3
149762,5
93765,4
93061,5
66960,3
61116,3
104339,4
107928,4
62754,5
76559,4
145365,3
95826,5
62466,3
103948,4
