epoch,loss,val_loss
0,15.323925971984863,13.04810905456543
1,8.485560417175293,11.36277961730957
2,6.210399627685547,9.94877815246582
3,4.87454891204834,9.729811668395996
4,4.007979393005371,8.207807540893555
5,2.924551010131836,8.835965156555176
6,2.7815115451812744,7.647560119628906
7,2.2817816734313965,7.226083278656006
8,2.0734195709228516,8.492060661315918
9,1.778242826461792,6.349780559539795
10,1.5043004751205444,8.175142288208008
11,1.383111834526062,7.668417453765869
12,1.46894371509552,7.686742305755615
13,1.2094645500183105,8.347234725952148
14,1.0497105121612549,8.107442855834961
15,0.9706271290779114,8.591270446777344
16,0.9480288624763489,7.86814022064209
17,0.8371852040290833,7.309039115905762
18,0.7426367402076721,9.114130020141602
19,0.6581446528434753,9.563319206237793
